aqi_id,city_id,station_id,date,AQI
1,1,1,01-01-2024,383
2,1,1,02-01-2024,379
3,1,1,03-01-2024,385
4,1,1,04-01-2024,404
5,1,1,05-01-2024,382
6,1,1,06-01-2024,382
7,1,1,07-01-2024,385
8,1,1,08-01-2024,405
9,1,1,09-01-2024,361
10,1,1,10-01-2024,371
11,1,1,11-01-2024,395
12,1,1,12-01-2024,395
13,1,1,13-01-2024,422
14,1,1,14-01-2024,418
15,1,1,15-01-2024,396
16,1,1,16-01-2024,406
17,1,1,17-01-2024,394
18,1,1,18-01-2024,377
19,1,1,19-01-2024,378
20,1,1,20-01-2024,382
21,1,1,21-01-2024,385
22,1,1,22-01-2024,391
23,1,1,23-01-2024,403
24,1,1,24-01-2024,410
25,1,1,25-01-2024,401
26,1,1,26-01-2024,415
27,1,1,27-01-2024,391
28,1,1,28-01-2024,402
29,1,1,29-01-2024,408
30,1,1,30-01-2024,407
31,1,1,31-01-2024,404
32,1,1,01-02-2024,325
33,1,1,02-02-2024,346
34,1,1,03-02-2024,336
35,1,1,04-02-2024,372
36,1,1,05-02-2024,332
37,1,1,06-02-2024,321
38,1,1,07-02-2024,325
39,1,1,08-02-2024,326
40,1,1,09-02-2024,321
41,1,1,10-02-2024,385
42,1,1,11-02-2024,370
43,1,1,12-02-2024,369
44,1,1,13-02-2024,403
45,1,1,14-02-2024,385
46,1,1,15-02-2024,355
47,1,1,16-02-2024,346
48,1,1,17-02-2024,346
49,1,1,18-02-2024,354
50,1,1,19-02-2024,337
51,1,1,20-02-2024,350
52,1,1,21-02-2024,340
53,1,1,22-02-2024,310
54,1,1,23-02-2024,307
55,1,1,24-02-2024,325
56,1,1,25-02-2024,322
57,1,1,26-02-2024,319
58,1,1,27-02-2024,316
59,1,1,28-02-2024,312
60,1,1,29-02-2024,312
61,1,1,01-03-2024,332
62,1,1,02-03-2024,187
63,1,1,03-03-2024,249
64,1,1,04-03-2024,249
65,1,1,05-03-2024,306
66,1,1,06-03-2024,318
67,1,1,07-03-2024,322
68,1,1,08-03-2024,315
69,1,1,09-03-2024,308
70,1,1,10-03-2024,329
71,1,1,11-03-2024,329
72,1,1,12-03-2024,325
73,1,1,13-03-2024,316
74,1,1,14-03-2024,321
75,1,1,15-03-2024,228
76,1,1,16-03-2024,321
77,1,1,17-03-2024,319
78,1,1,18-03-2024,322
79,1,1,19-03-2024,329
80,1,1,20-03-2024,322
81,1,1,21-03-2024,323
82,1,1,22-03-2024,324
83,1,1,23-03-2024,346
84,1,1,24-03-2024,243
85,1,1,25-03-2024,316
86,1,1,26-03-2024,306
87,1,1,27-03-2024,309
88,1,1,28-03-2024,311
89,1,1,29-03-2024,314
90,1,1,30-03-2024,318
91,1,1,31-03-2024,319
92,1,1,01-04-2024,215
93,1,1,02-04-2024,243
94,1,1,03-04-2024,303
95,1,1,04-04-2024,235
96,1,1,05-04-2024,280
97,1,1,06-04-2024,307
98,1,1,07-04-2024,269
99,1,1,08-04-2024,303
100,1,1,09-04-2024,309
101,1,1,10-04-2024,325
102,1,1,11-04-2024,304
103,1,1,12-04-2024,322
104,1,1,13-04-2024,302
105,1,1,14-04-2024,303
106,1,1,15-04-2024,329
107,1,1,16-04-2024,301
108,1,1,17-04-2024,166
109,1,1,18-04-2024,228
110,1,1,19-04-2024,256
111,1,1,20-04-2024,137
112,1,1,21-04-2024,169
113,1,1,22-04-2024,201
114,1,1,23-04-2024,309
115,1,1,24-04-2024,262
116,1,1,25-04-2024,309
117,1,1,26-04-2024,280
118,1,1,27-04-2024,235
119,1,1,28-04-2024,269
120,1,1,29-04-2024,307
121,1,1,30-04-2024,276
122,1,1,01-05-2024,269
123,1,1,02-05-2024,311
124,1,1,03-05-2024,331
125,1,1,04-05-2024,331
126,1,1,05-05-2024,331
127,1,1,06-05-2024,331
128,1,1,07-05-2024,331
129,1,1,08-05-2024,331
130,1,1,09-05-2024,331
131,1,1,10-05-2024,331
132,1,1,11-05-2024,331
133,1,1,12-05-2024,331
134,1,1,13-05-2024,331
135,1,1,14-05-2024,329
136,1,1,15-05-2024,342
137,1,1,16-05-2024,336
138,1,1,17-05-2024,326
139,1,1,18-05-2024,335
140,1,1,19-05-2024,325
141,1,1,20-05-2024,303
142,1,1,21-05-2024,326
143,1,1,22-05-2024,325
144,1,1,23-05-2024,301
145,1,1,24-05-2024,303
146,1,1,25-05-2024,312
147,1,1,26-05-2024,303
148,1,1,27-05-2024,322
149,1,1,28-05-2024,318
150,1,1,29-05-2024,293
151,1,1,30-05-2024,249
152,1,1,31-05-2024,276
153,1,1,01-06-2024,269
154,1,1,02-06-2024,169
155,1,1,03-06-2024,235
156,1,1,04-06-2024,309
157,1,1,05-06-2024,302
158,1,1,06-06-2024,262
159,1,1,07-06-2024,276
160,1,1,08-06-2024,280
161,1,1,09-06-2024,235
162,1,1,10-06-2024,201
163,1,1,11-06-2024,306
164,1,1,12-06-2024,269
165,1,1,13-06-2024,221
166,1,1,14-06-2024,169
167,1,1,15-06-2024,162
168,1,1,16-06-2024,162
169,1,1,17-06-2024,235
170,1,1,18-06-2024,301
171,1,1,19-06-2024,228
172,1,1,20-06-2024,242
173,1,1,21-06-2024,307
174,1,1,22-06-2024,323
175,1,1,23-06-2024,317
176,1,1,24-06-2024,280
177,1,1,25-06-2024,311
178,1,1,26-06-2024,283
179,1,1,27-06-2024,201
180,1,1,28-06-2024,269
181,1,1,29-06-2024,162
182,1,1,30-06-2024,211
183,1,1,01-07-2024,183
184,1,1,02-07-2024,183
185,1,1,03-07-2024,156
186,1,1,04-07-2024,162
187,1,1,05-07-2024,137
188,1,1,06-07-2024,135
189,1,1,07-07-2024,150
190,1,1,08-07-2024,162
191,1,1,09-07-2024,211
192,1,1,10-07-2024,308
193,1,1,11-07-2024,290
194,1,1,12-07-2024,162
195,1,1,13-07-2024,232
196,1,1,14-07-2024,249
197,1,1,15-07-2024,228
198,1,1,16-07-2024,239
199,1,1,17-07-2024,175
200,1,1,18-07-2024,193
201,1,1,19-07-2024,317
202,1,1,20-07-2024,332
203,1,1,21-07-2024,300
204,1,1,22-07-2024,159
205,1,1,23-07-2024,245
206,1,1,24-07-2024,300
207,1,1,25-07-2024,239
208,1,1,26-07-2024,332
209,1,1,27-07-2024,266
210,1,1,28-07-2024,183
211,1,1,29-07-2024,256
212,1,1,30-07-2024,331
213,1,1,31-07-2024,331
214,1,1,01-08-2024,159
215,1,1,02-08-2024,159
216,1,1,03-08-2024,139
217,1,1,04-08-2024,137
218,1,1,05-08-2024,149
219,1,1,06-08-2024,137
220,1,1,07-08-2024,159
221,1,1,08-08-2024,137
222,1,1,09-08-2024,197
223,1,1,10-08-2024,204
224,1,1,11-08-2024,215
225,1,1,12-08-2024,215
226,1,1,13-08-2024,173
227,1,1,14-08-2024,245
228,1,1,15-08-2024,208
229,1,1,16-08-2024,137
230,1,1,17-08-2024,208
231,1,1,18-08-2024,221
232,1,1,19-08-2024,204
233,1,1,20-08-2024,232
234,1,1,21-08-2024,208
235,1,1,22-08-2024,193
236,1,1,23-08-2024,204
237,1,1,24-08-2024,303
238,1,1,25-08-2024,215
239,1,1,26-08-2024,200
240,1,1,27-08-2024,137
241,1,1,28-08-2024,176
242,1,1,29-08-2024,211
243,1,1,30-08-2024,293
244,1,1,31-08-2024,269
245,1,1,01-09-2024,259
246,1,1,02-09-2024,273
247,1,1,03-09-2024,232
248,1,1,04-09-2024,169
249,1,1,05-09-2024,259
250,1,1,06-09-2024,190
251,1,1,07-09-2024,204
252,1,1,08-09-2024,307
253,1,1,09-09-2024,300
254,1,1,10-09-2024,293
255,1,1,11-09-2024,197
256,1,1,12-09-2024,137
257,1,1,13-09-2024,183
258,1,1,14-09-2024,176
259,1,1,15-09-2024,208
260,1,1,16-09-2024,235
261,1,1,17-09-2024,319
262,1,1,18-09-2024,256
263,1,1,19-09-2024,235
264,1,1,20-09-2024,200
265,1,1,21-09-2024,243
266,1,1,22-09-2024,326
267,1,1,23-09-2024,334
268,1,1,24-09-2024,338
269,1,1,25-09-2024,329
270,1,1,26-09-2024,197
271,1,1,27-09-2024,150
272,1,1,28-09-2024,162
273,1,1,29-09-2024,215
274,1,1,30-09-2024,329
275,1,1,01-10-2024,329
276,1,1,02-10-2024,331
277,1,1,03-10-2024,290
278,1,1,04-10-2024,316
279,1,1,05-10-2024,201
280,1,1,06-10-2024,273
281,1,1,07-10-2024,301
282,1,1,08-10-2024,327
283,1,1,09-10-2024,316
284,1,1,10-10-2024,303
285,1,1,11-10-2024,316
286,1,1,12-10-2024,316
287,1,1,13-10-2024,338
288,1,1,14-10-2024,319
289,1,1,15-10-2024,331
290,1,1,16-10-2024,344
291,1,1,17-10-2024,341
292,1,1,18-10-2024,347
293,1,1,19-10-2024,348
294,1,1,20-10-2024,355
295,1,1,21-10-2024,364
296,1,1,22-10-2024,362
297,1,1,23-10-2024,405
298,1,1,24-10-2024,367
299,1,1,25-10-2024,357
300,1,1,26-10-2024,382
301,1,1,27-10-2024,386
302,1,1,28-10-2024,368
303,1,1,29-10-2024,349
304,1,1,30-10-2024,362
305,1,1,31-10-2024,396
306,1,1,01-11-2024,405
307,1,1,02-11-2024,404
308,1,1,03-11-2024,404
309,1,1,04-11-2024,406
310,1,1,05-11-2024,382
311,1,1,06-11-2024,399
312,1,1,07-11-2024,408
313,1,1,08-11-2024,383
314,1,1,09-11-2024,385
315,1,1,10-11-2024,372
316,1,1,11-11-2024,387
317,1,1,12-11-2024,390
318,1,1,13-11-2024,425
319,1,1,14-11-2024,417
320,1,1,15-11-2024,414
321,1,1,16-11-2024,412
322,1,1,17-11-2024,433
323,1,1,18-11-2024,445
324,1,1,19-11-2024,411
325,1,1,20-11-2024,408
326,1,1,21-11-2024,400
327,1,1,22-11-2024,411
328,1,1,23-11-2024,405
329,1,1,24-11-2024,359
330,1,1,25-11-2024,409
331,1,1,26-11-2024,394
332,1,1,27-11-2024,371
333,1,1,28-11-2024,385
334,1,1,29-11-2024,386
335,1,1,30-11-2024,392
336,1,1,01-12-2024,355
337,1,1,02-12-2024,359
338,1,1,03-12-2024,344
339,1,1,04-12-2024,314
340,1,1,05-12-2024,312
341,1,1,06-12-2024,324
342,1,1,07-12-2024,336
343,1,1,08-12-2024,367
344,1,1,09-12-2024,332
345,1,1,10-12-2024,336
346,1,1,11-12-2024,332
347,1,1,12-12-2024,385
348,1,1,13-12-2024,331
349,1,1,14-12-2024,341
350,1,1,15-12-2024,385
351,1,1,16-12-2024,410
352,1,1,17-12-2024,407
353,1,1,18-12-2024,419
354,1,1,19-12-2024,412
355,1,1,20-12-2024,406
356,1,1,21-12-2024,395
357,1,1,22-12-2024,409
358,1,1,23-12-2024,409
359,1,1,24-12-2024,378
360,1,1,25-12-2024,382
361,1,1,26-12-2024,395
362,1,1,27-12-2024,379
363,1,1,28-12-2024,337
364,1,1,29-12-2024,342
365,1,1,30-12-2024,331
366,1,1,31-12-2024,331
367,2,2,01-01-2024,321
368,2,2,02-01-2024,322
369,2,2,03-01-2024,322
370,2,2,04-01-2024,331
371,2,2,05-01-2024,324
372,2,2,06-01-2024,325
373,2,2,07-01-2024,324
374,2,2,08-01-2024,310
375,2,2,09-01-2024,326
376,2,2,10-01-2024,262
377,2,2,11-01-2024,305
378,2,2,12-01-2024,320
379,2,2,13-01-2024,325
380,2,2,14-01-2024,290
381,2,2,15-01-2024,239
382,2,2,16-01-2024,297
383,2,2,17-01-2024,305
384,2,2,18-01-2024,316
385,2,2,19-01-2024,310
386,2,2,20-01-2024,328
387,2,2,21-01-2024,309
388,2,2,22-01-2024,329
389,2,2,23-01-2024,303
390,2,2,24-01-2024,301
391,2,2,25-01-2024,302
392,2,2,26-01-2024,314
393,2,2,27-01-2024,301
394,2,2,28-01-2024,313
395,2,2,29-01-2024,313
396,2,2,30-01-2024,315
397,2,2,31-01-2024,326
398,2,2,01-02-2024,308
399,2,2,02-02-2024,204
400,2,2,03-02-2024,313
401,2,2,04-02-2024,325
402,2,2,05-02-2024,325
403,2,2,06-02-2024,322
404,2,2,07-02-2024,314
405,2,2,08-02-2024,311
406,2,2,09-02-2024,323
407,2,2,10-02-2024,314
408,2,2,11-02-2024,316
409,2,2,12-02-2024,324
410,2,2,13-02-2024,328
411,2,2,14-02-2024,314
412,2,2,15-02-2024,325
413,2,2,16-02-2024,332
414,2,2,17-02-2024,334
415,2,2,18-02-2024,323
416,2,2,19-02-2024,319
417,2,2,20-02-2024,313
418,2,2,21-02-2024,190
419,2,2,22-02-2024,204
420,2,2,23-02-2024,340
421,2,2,24-02-2024,413
422,2,2,25-02-2024,316
423,2,2,26-02-2024,325
424,2,2,27-02-2024,330
425,2,2,28-02-2024,362
426,2,2,29-02-2024,321
427,2,2,01-03-2024,326
428,2,2,02-03-2024,290
429,2,2,03-03-2024,221
430,2,2,04-03-2024,186
431,2,2,05-03-2024,301
432,2,2,06-03-2024,313
433,2,2,07-03-2024,315
434,2,2,08-03-2024,317
435,2,2,09-03-2024,317
436,2,2,10-03-2024,311
437,2,2,11-03-2024,302
438,2,2,12-03-2024,273
439,2,2,13-03-2024,286
440,2,2,14-03-2024,132
441,2,2,15-03-2024,276
442,2,2,16-03-2024,328
443,2,2,17-03-2024,306
444,2,2,18-03-2024,307
445,2,2,19-03-2024,317
446,2,2,20-03-2024,303
447,2,2,21-03-2024,316
448,2,2,22-03-2024,317
449,2,2,23-03-2024,309
450,2,2,24-03-2024,245
451,2,2,25-03-2024,204
452,2,2,26-03-2024,204
453,2,2,27-03-2024,311
454,2,2,28-03-2024,313
455,2,2,29-03-2024,286
456,2,2,30-03-2024,332
457,2,2,31-03-2024,310
458,2,2,01-04-2024,338
459,2,2,02-04-2024,309
460,2,2,03-04-2024,208
461,2,2,04-04-2024,111
462,2,2,05-04-2024,306
463,2,2,06-04-2024,239
464,2,2,07-04-2024,173
465,2,2,08-04-2024,104
466,2,2,09-04-2024,190
467,2,2,10-04-2024,169
468,2,2,11-04-2024,159
469,2,2,12-04-2024,145
470,2,2,13-04-2024,135
471,2,2,14-04-2024,152
472,2,2,15-04-2024,166
473,2,2,16-04-2024,232
474,2,2,17-04-2024,168
475,2,2,18-04-2024,300
476,2,2,19-04-2024,228
477,2,2,20-04-2024,156
478,2,2,21-04-2024,173
479,2,2,22-04-2024,125
480,2,2,23-04-2024,166
481,2,2,24-04-2024,139
482,2,2,25-04-2024,204
483,2,2,26-04-2024,200
484,2,2,27-04-2024,186
485,2,2,28-04-2024,152
486,2,2,29-04-2024,306
487,2,2,30-04-2024,193
488,2,2,01-05-2024,135
489,2,2,02-05-2024,139
490,2,2,03-05-2024,242
491,2,2,04-05-2024,242
492,2,2,05-05-2024,173
493,2,2,06-05-2024,204
494,2,2,07-05-2024,180
495,2,2,08-05-2024,201
496,2,2,09-05-2024,159
497,2,2,10-05-2024,218
498,2,2,11-05-2024,286
499,2,2,12-05-2024,239
500,2,2,13-05-2024,197
501,2,2,14-05-2024,204
502,2,2,15-05-2024,208
503,2,2,16-05-2024,173
504,2,2,17-05-2024,242
505,2,2,18-05-2024,324
506,2,2,19-05-2024,303
507,2,2,20-05-2024,256
508,2,2,21-05-2024,197
509,2,2,22-05-2024,301
510,2,2,23-05-2024,320
511,2,2,24-05-2024,293
512,2,2,25-05-2024,276
513,2,2,26-05-2024,297
514,2,2,27-05-2024,321
515,2,2,28-05-2024,317
516,2,2,29-05-2024,121
517,2,2,30-05-2024,139
518,2,2,31-05-2024,159
519,2,2,01-06-2024,86
520,2,2,02-06-2024,70
521,2,2,03-06-2024,139
522,2,2,04-06-2024,95
523,2,2,05-06-2024,80
524,2,2,06-06-2024,69
525,2,2,07-06-2024,78
526,2,2,08-06-2024,100
527,2,2,09-06-2024,327
528,2,2,10-06-2024,444
529,2,2,11-06-2024,341
530,2,2,12-06-2024,68
531,2,2,13-06-2024,68
532,2,2,14-06-2024,70
533,2,2,15-06-2024,100
534,2,2,16-06-2024,300
535,2,2,17-06-2024,112
536,2,2,18-06-2024,139
537,2,2,19-06-2024,454
538,2,2,20-06-2024,370
539,2,2,21-06-2024,100
540,2,2,22-06-2024,112
541,2,2,23-06-2024,67
542,2,2,24-06-2024,66
543,2,2,25-06-2024,62
544,2,2,26-06-2024,66
545,2,2,27-06-2024,68
546,2,2,28-06-2024,69
547,2,2,29-06-2024,69
548,2,2,30-06-2024,68
549,2,2,01-07-2024,70
550,2,2,02-07-2024,112
551,2,2,03-07-2024,112
552,2,2,04-07-2024,340
553,2,2,05-07-2024,411
554,2,2,06-07-2024,112
555,2,2,07-07-2024,133
556,2,2,08-07-2024,173
557,2,2,09-07-2024,208
558,2,2,10-07-2024,208
559,2,2,11-07-2024,112
560,2,2,12-07-2024,100
561,2,2,13-07-2024,100
562,2,2,14-07-2024,112
563,2,2,15-07-2024,112
564,2,2,16-07-2024,100
565,2,2,17-07-2024,100
566,2,2,18-07-2024,59
567,2,2,19-07-2024,112
568,2,2,20-07-2024,112
569,2,2,21-07-2024,100
570,2,2,22-07-2024,88
571,2,2,23-07-2024,86
572,2,2,24-07-2024,108
573,2,2,25-07-2024,78
574,2,2,26-07-2024,108
575,2,2,27-07-2024,102
576,2,2,28-07-2024,156
577,2,2,29-07-2024,101
578,2,2,30-07-2024,108
579,2,2,31-07-2024,121
580,2,2,01-08-2024,256
581,2,2,02-08-2024,112
582,2,2,03-08-2024,112
583,2,2,04-08-2024,86
584,2,2,05-08-2024,90
585,2,2,06-08-2024,88
586,2,2,07-08-2024,112
587,2,2,08-08-2024,112
588,2,2,09-08-2024,86
589,2,2,10-08-2024,81
590,2,2,11-08-2024,90
591,2,2,12-08-2024,98
592,2,2,13-08-2024,112
593,2,2,14-08-2024,112
594,2,2,15-08-2024,112
595,2,2,16-08-2024,108
596,2,2,17-08-2024,97
597,2,2,18-08-2024,88
598,2,2,19-08-2024,112
599,2,2,20-08-2024,112
600,2,2,21-08-2024,104
601,2,2,22-08-2024,121
602,2,2,23-08-2024,100
603,2,2,24-08-2024,112
604,2,2,25-08-2024,112
605,2,2,26-08-2024,112
606,2,2,27-08-2024,112
607,2,2,28-08-2024,112
608,2,2,29-08-2024,112
609,2,2,30-08-2024,112
610,2,2,31-08-2024,112
611,2,2,01-09-2024,112
612,2,2,02-09-2024,112
613,2,2,03-09-2024,112
614,2,2,04-09-2024,112
615,2,2,05-09-2024,61
616,2,2,06-09-2024,71
617,2,2,07-09-2024,56
618,2,2,08-09-2024,56
619,2,2,09-09-2024,68
620,2,2,10-09-2024,71
621,2,2,11-09-2024,70
622,2,2,12-09-2024,100
623,2,2,13-09-2024,97
624,2,2,14-09-2024,121
625,2,2,15-09-2024,137
626,2,2,16-09-2024,159
627,2,2,17-09-2024,125
628,2,2,18-09-2024,162
629,2,2,19-09-2024,208
630,2,2,20-09-2024,193
631,2,2,21-09-2024,156
632,2,2,22-09-2024,104
633,2,2,23-09-2024,139
634,2,2,24-09-2024,100
635,2,2,25-09-2024,66
636,2,2,26-09-2024,56
637,2,2,27-09-2024,50
638,2,2,28-09-2024,100
639,2,2,29-09-2024,112
640,2,2,30-09-2024,112
641,2,2,01-10-2024,470
642,2,2,02-10-2024,440
643,2,2,03-10-2024,286
644,2,2,04-10-2024,100
645,2,2,05-10-2024,97
646,2,2,06-10-2024,125
647,2,2,07-10-2024,193
648,2,2,08-10-2024,211
649,2,2,09-10-2024,200
650,2,2,10-10-2024,159
651,2,2,11-10-2024,125
652,2,2,12-10-2024,125
653,2,2,13-10-2024,128
654,2,2,14-10-2024,125
655,2,2,15-10-2024,150
656,2,2,16-10-2024,176
657,2,2,17-10-2024,186
658,2,2,18-10-2024,159
659,2,2,19-10-2024,101
660,2,2,20-10-2024,111
661,2,2,21-10-2024,95
662,2,2,22-10-2024,208
663,2,2,23-10-2024,208
664,2,2,24-10-2024,309
665,2,2,25-10-2024,307
666,2,2,26-10-2024,303
667,2,2,27-10-2024,317
668,2,2,28-10-2024,307
669,2,2,29-10-2024,266
670,2,2,30-10-2024,306
671,2,2,31-10-2024,311
672,2,2,01-11-2024,309
673,2,2,02-11-2024,317
674,2,2,03-11-2024,303
675,2,2,04-11-2024,306
676,2,2,05-11-2024,303
677,2,2,06-11-2024,301
678,2,2,07-11-2024,316
679,2,2,08-11-2024,321
680,2,2,09-11-2024,316
681,2,2,10-11-2024,316
682,2,2,11-11-2024,315
683,2,2,12-11-2024,317
684,2,2,13-11-2024,311
685,2,2,14-11-2024,302
686,2,2,15-11-2024,162
687,2,2,16-11-2024,190
688,2,2,17-11-2024,200
689,2,2,18-11-2024,162
690,2,2,19-11-2024,156
691,2,2,20-11-2024,166
692,2,2,21-11-2024,173
693,2,2,22-11-2024,208
694,2,2,23-11-2024,239
695,2,2,24-11-2024,252
696,2,2,25-11-2024,221
697,2,2,26-11-2024,169
698,2,2,27-11-2024,152
699,2,2,28-11-2024,145
700,2,2,29-11-2024,137
701,2,2,30-11-2024,162
702,2,2,01-12-2024,200
703,2,2,02-12-2024,200
704,2,2,03-12-2024,156
705,2,2,04-12-2024,150
706,2,2,05-12-2024,166
707,2,2,06-12-2024,207
708,2,2,07-12-2024,306
709,2,2,08-12-2024,245
710,2,2,09-12-2024,169
711,2,2,10-12-2024,159
712,2,2,11-12-2024,175
713,2,2,12-12-2024,176
714,2,2,13-12-2024,137
715,2,2,14-12-2024,150
716,2,2,15-12-2024,175
717,2,2,16-12-2024,162
718,2,2,17-12-2024,204
719,2,2,18-12-2024,221
720,2,2,19-12-2024,225
721,2,2,20-12-2024,204
722,2,2,21-12-2024,269
723,2,2,22-12-2024,208
724,2,2,23-12-2024,166
725,2,2,24-12-2024,186
726,2,2,25-12-2024,221
727,2,2,26-12-2024,232
728,2,2,27-12-2024,201
729,2,2,28-12-2024,273
730,2,2,29-12-2024,197
731,2,2,30-12-2024,208
732,2,2,31-12-2024,208
733,3,3,01-01-2024,175
734,3,3,02-01-2024,187
735,3,3,03-01-2024,175
736,3,3,04-01-2024,232
737,3,3,05-01-2024,166
738,3,3,06-01-2024,300
739,3,3,07-01-2024,214
740,3,3,08-01-2024,214
741,3,3,09-01-2024,228
742,3,3,10-01-2024,243
743,3,3,11-01-2024,228
744,3,3,12-01-2024,243
745,3,3,13-01-2024,228
746,3,3,14-01-2024,228
747,3,3,15-01-2024,228
748,3,3,16-01-2024,243
749,3,3,17-01-2024,214
750,3,3,18-01-2024,228
751,3,3,19-01-2024,306
752,3,3,20-01-2024,228
753,3,3,21-01-2024,228
754,3,3,22-01-2024,228
755,3,3,23-01-2024,242
756,3,3,24-01-2024,242
757,3,3,25-01-2024,228
758,3,3,26-01-2024,228
759,3,3,27-01-2024,228
760,3,3,28-01-2024,214
761,3,3,29-01-2024,228
762,3,3,30-01-2024,312
763,3,3,31-01-2024,286
764,3,3,01-02-2024,257
765,3,3,02-02-2024,257
766,3,3,03-02-2024,214
767,3,3,04-02-2024,214
768,3,3,05-02-2024,228
769,3,3,06-02-2024,242
770,3,3,07-02-2024,324
771,3,3,08-02-2024,303
772,3,3,09-02-2024,256
773,3,3,10-02-2024,214
774,3,3,11-02-2024,301
775,3,3,12-02-2024,320
776,3,3,13-02-2024,293
777,3,3,14-02-2024,276
778,3,3,15-02-2024,297
779,3,3,16-02-2024,321
780,3,3,17-02-2024,319
781,3,3,18-02-2024,214
782,3,3,19-02-2024,200
783,3,3,20-02-2024,228
784,3,3,21-02-2024,228
785,3,3,22-02-2024,214
786,3,3,23-02-2024,243
787,3,3,24-02-2024,214
788,3,3,25-02-2024,228
789,3,3,26-02-2024,214
790,3,3,27-02-2024,200
791,3,3,28-02-2024,214
792,3,3,29-02-2024,228
793,3,3,01-03-2024,304
794,3,3,02-03-2024,341
795,3,3,03-03-2024,228
796,3,3,04-03-2024,228
797,3,3,05-03-2024,214
798,3,3,06-03-2024,214
799,3,3,07-03-2024,214
800,3,3,08-03-2024,214
801,3,3,09-03-2024,214
802,3,3,10-03-2024,214
803,3,3,11-03-2024,214
804,3,3,12-03-2024,214
805,3,3,13-03-2024,214
806,3,3,14-03-2024,214
807,3,3,15-03-2024,214
808,3,3,16-03-2024,214
809,3,3,17-03-2024,214
810,3,3,18-03-2024,214
811,3,3,19-03-2024,214
812,3,3,20-03-2024,214
813,3,3,21-03-2024,214
814,3,3,22-03-2024,214
815,3,3,23-03-2024,214
816,3,3,24-03-2024,214
817,3,3,25-03-2024,214
818,3,3,26-03-2024,214
819,3,3,27-03-2024,214
820,3,3,28-03-2024,214
821,3,3,29-03-2024,214
822,3,3,30-03-2024,214
823,3,3,31-03-2024,214
824,3,3,01-04-2024,214
825,3,3,02-04-2024,214
826,3,3,03-04-2024,214
827,3,3,04-04-2024,214
828,3,3,05-04-2024,214
829,3,3,06-04-2024,214
830,3,3,07-04-2024,214
831,3,3,08-04-2024,214
832,3,3,09-04-2024,214
833,3,3,10-04-2024,214
834,3,3,11-04-2024,214
835,3,3,12-04-2024,214
836,3,3,13-04-2024,214
837,3,3,14-04-2024,214
838,3,3,15-04-2024,214
839,3,3,16-04-2024,214
840,3,3,17-04-2024,214
841,3,3,18-04-2024,214
842,3,3,19-04-2024,214
843,3,3,20-04-2024,214
844,3,3,21-04-2024,214
845,3,3,22-04-2024,214
846,3,3,23-04-2024,214
847,3,3,24-04-2024,214
848,3,3,25-04-2024,214
849,3,3,26-04-2024,214
850,3,3,27-04-2024,214
851,3,3,28-04-2024,214
852,3,3,29-04-2024,214
853,3,3,30-04-2024,214
854,3,3,01-05-2024,214
855,3,3,02-05-2024,214
856,3,3,03-05-2024,214
857,3,3,04-05-2024,214
858,3,3,05-05-2024,214
859,3,3,06-05-2024,214
860,3,3,07-05-2024,214
861,3,3,08-05-2024,214
862,3,3,09-05-2024,214
863,3,3,10-05-2024,214
864,3,3,11-05-2024,214
865,3,3,12-05-2024,214
866,3,3,13-05-2024,214
867,3,3,14-05-2024,214
868,3,3,15-05-2024,214
869,3,3,16-05-2024,214
870,3,3,17-05-2024,214
871,3,3,18-05-2024,214
872,3,3,19-05-2024,214
873,3,3,20-05-2024,214
874,3,3,21-05-2024,214
875,3,3,22-05-2024,214
876,3,3,23-05-2024,214
877,3,3,24-05-2024,214
878,3,3,25-05-2024,214
879,3,3,26-05-2024,214
880,3,3,27-05-2024,214
881,3,3,28-05-2024,214
882,3,3,29-05-2024,214
883,3,3,30-05-2024,214
884,3,3,31-05-2024,214
885,3,3,01-06-2024,214
886,3,3,02-06-2024,214
887,3,3,03-06-2024,214
888,3,3,04-06-2024,214
889,3,3,05-06-2024,214
890,3,3,06-06-2024,214
891,3,3,07-06-2024,214
892,3,3,08-06-2024,214
893,3,3,09-06-2024,214
894,3,3,10-06-2024,214
895,3,3,11-06-2024,214
896,3,3,12-06-2024,214
897,3,3,13-06-2024,300
898,3,3,14-06-2024,228
899,3,3,15-06-2024,214
900,3,3,16-06-2024,214
901,3,3,17-06-2024,214
902,3,3,18-06-2024,228
903,3,3,19-06-2024,200
904,3,3,20-06-2024,214
905,3,3,21-06-2024,214
906,3,3,22-06-2024,243
907,3,3,23-06-2024,214
908,3,3,24-06-2024,228
909,3,3,25-06-2024,228
910,3,3,26-06-2024,214
911,3,3,27-06-2024,228
912,3,3,28-06-2024,228
913,3,3,29-06-2024,214
914,3,3,30-06-2024,228
915,3,3,01-07-2024,340
916,3,3,02-07-2024,411
917,3,3,03-07-2024,214
918,3,3,04-07-2024,214
919,3,3,05-07-2024,214
920,3,3,06-07-2024,214
921,3,3,07-07-2024,228
922,3,3,08-07-2024,228
923,3,3,09-07-2024,214
924,3,3,10-07-2024,228
925,3,3,11-07-2024,243
926,3,3,12-07-2024,228
927,3,3,13-07-2024,228
928,3,3,14-07-2024,214
929,3,3,15-07-2024,214
930,3,3,16-07-2024,243
931,3,3,17-07-2024,214
932,3,3,18-07-2024,214
933,3,3,19-07-2024,228
934,3,3,20-07-2024,214
935,3,3,21-07-2024,214
936,3,3,22-07-2024,214
937,3,3,23-07-2024,214
938,3,3,24-07-2024,214
939,3,3,25-07-2024,228
940,3,3,26-07-2024,214
941,3,3,27-07-2024,214
942,3,3,28-07-2024,214
943,3,3,29-07-2024,256
944,3,3,30-07-2024,214
945,3,3,31-07-2024,243
946,3,3,01-08-2024,214
947,3,3,02-08-2024,243
948,3,3,03-08-2024,228
949,3,3,04-08-2024,214
950,3,3,05-08-2024,228
951,3,3,06-08-2024,200
952,3,3,07-08-2024,214
953,3,3,08-08-2024,228
954,3,3,09-08-2024,214
955,3,3,10-08-2024,214
956,3,3,11-08-2024,228
957,3,3,12-08-2024,228
958,3,3,13-08-2024,214
959,3,3,14-08-2024,228
960,3,3,15-08-2024,214
961,3,3,16-08-2024,228
962,3,3,17-08-2024,228
963,3,3,18-08-2024,214
964,3,3,19-08-2024,214
965,3,3,20-08-2024,228
966,3,3,21-08-2024,228
967,3,3,22-08-2024,214
968,3,3,23-08-2024,214
969,3,3,24-08-2024,214
970,3,3,25-08-2024,228
971,3,3,26-08-2024,214
972,3,3,27-08-2024,214
973,3,3,28-08-2024,214
974,3,3,29-08-2024,228
975,3,3,30-08-2024,214
976,3,3,31-08-2024,228
977,3,3,01-09-2024,214
978,3,3,02-09-2024,228
979,3,3,03-09-2024,214
980,3,3,04-09-2024,214
981,3,3,05-09-2024,214
982,3,3,06-09-2024,228
983,3,3,07-09-2024,214
984,3,3,08-09-2024,214
985,3,3,09-09-2024,200
986,3,3,10-09-2024,214
987,3,3,11-09-2024,228
988,3,3,12-09-2024,214
989,3,3,13-09-2024,214
990,3,3,14-09-2024,214
991,3,3,15-09-2024,214
992,3,3,16-09-2024,214
993,3,3,17-09-2024,214
994,3,3,18-09-2024,214
995,3,3,19-09-2024,214
996,3,3,20-09-2024,214
997,3,3,21-09-2024,214
998,3,3,22-09-2024,214
999,3,3,23-09-2024,214
1000,3,3,24-09-2024,214
1001,3,3,25-09-2024,214
1002,3,3,26-09-2024,214
1003,3,3,27-09-2024,214
1004,3,3,28-09-2024,214
1005,3,3,29-09-2024,214
1006,3,3,30-09-2024,228
1007,3,3,01-10-2024,214
1008,3,3,02-10-2024,422
1009,3,3,03-10-2024,286
1010,3,3,04-10-2024,214
1011,3,3,05-10-2024,214
1012,3,3,06-10-2024,214
1013,3,3,07-10-2024,214
1014,3,3,08-10-2024,214
1015,3,3,09-10-2024,214
1016,3,3,10-10-2024,214
1017,3,3,11-10-2024,214
1018,3,3,12-10-2024,214
1019,3,3,13-10-2024,214
1020,3,3,14-10-2024,214
1021,3,3,15-10-2024,214
1022,3,3,16-10-2024,228
1023,3,3,17-10-2024,214
1024,3,3,18-10-2024,214
1025,3,3,19-10-2024,214
1026,3,3,20-10-2024,214
1027,3,3,21-10-2024,228
1028,3,3,22-10-2024,214
1029,3,3,23-10-2024,228
1030,3,3,24-10-2024,312
1031,3,3,25-10-2024,307
1032,3,3,26-10-2024,303
1033,3,3,27-10-2024,317
1034,3,3,28-10-2024,307
1035,3,3,29-10-2024,266
1036,3,3,30-10-2024,306
1037,3,3,31-10-2024,311
1038,3,3,01-11-2024,312
1039,3,3,02-11-2024,324
1040,3,3,03-11-2024,303
1041,3,3,04-11-2024,306
1042,3,3,05-11-2024,303
1043,3,3,06-11-2024,301
1044,3,3,07-11-2024,316
1045,3,3,08-11-2024,321
1046,3,3,09-11-2024,316
1047,3,3,10-11-2024,316
1048,3,3,11-11-2024,315
1049,3,3,12-11-2024,317
1050,3,3,13-11-2024,311
1051,3,3,14-11-2024,304
1052,3,3,15-11-2024,214
1053,3,3,16-11-2024,190
1054,3,3,17-11-2024,200
1055,3,3,18-11-2024,200
1056,3,3,19-11-2024,214
1057,3,3,20-11-2024,228
1058,3,3,21-11-2024,214
1059,3,3,22-11-2024,243
1060,3,3,23-11-2024,239
1061,3,3,24-11-2024,252
1062,3,3,25-11-2024,221
1063,3,3,26-11-2024,200
1064,3,3,27-11-2024,200
1065,3,3,28-11-2024,187
1066,3,3,29-11-2024,175
1067,3,3,30-11-2024,175
1068,3,3,01-12-2024,214
1069,3,3,02-12-2024,257
1070,3,3,03-12-2024,200
1071,3,3,04-12-2024,200
1072,3,3,05-12-2024,214
1073,3,3,06-12-2024,200
1074,3,3,07-12-2024,306
1075,3,3,08-12-2024,245
1076,3,3,09-12-2024,200
1077,3,3,10-12-2024,187
1078,3,3,11-12-2024,228
1079,3,3,12-12-2024,214
1080,3,3,13-12-2024,200
1081,3,3,14-12-2024,200
1082,3,3,15-12-2024,214
1083,3,3,16-12-2024,187
1084,3,3,17-12-2024,215
1085,3,3,18-12-2024,221
1086,3,3,19-12-2024,225
1087,3,3,20-12-2024,215
1088,3,3,21-12-2024,269
1089,3,3,22-12-2024,208
1090,3,3,23-12-2024,187
1091,3,3,24-12-2024,186
1092,3,3,25-12-2024,221
1093,3,3,26-12-2024,232
1094,3,3,27-12-2024,201
1095,3,3,28-12-2024,273
1096,3,3,29-12-2024,214
1097,3,3,30-12-2024,214
1098,3,3,31-12-2024,187
1099,4,4,01-01-2024,137
1100,4,4,02-01-2024,145
1101,4,4,03-01-2024,201
1102,4,4,04-01-2024,156
1103,4,4,05-01-2024,137
1104,4,4,06-01-2024,150
1105,4,4,07-01-2024,137
1106,4,4,08-01-2024,137
1107,4,4,09-01-2024,150
1108,4,4,10-01-2024,150
1109,4,4,11-01-2024,137
1110,4,4,12-01-2024,193
1111,4,4,13-01-2024,221
1112,4,4,14-01-2024,320
1113,4,4,15-01-2024,152
1114,4,4,16-01-2024,137
1115,4,4,17-01-2024,137
1116,4,4,18-01-2024,150
1117,4,4,19-01-2024,190
1118,4,4,20-01-2024,137
1119,4,4,21-01-2024,137
1120,4,4,22-01-2024,137
1121,4,4,23-01-2024,150
1122,4,4,24-01-2024,137
1123,4,4,25-01-2024,137
1124,4,4,26-01-2024,137
1125,4,4,27-01-2024,137
1126,4,4,28-01-2024,137
1127,4,4,29-01-2024,150
1128,4,4,30-01-2024,193
1129,4,4,31-01-2024,137
1130,4,4,01-02-2024,187
1131,4,4,02-02-2024,137
1132,4,4,03-02-2024,137
1133,4,4,04-02-2024,137
1134,4,4,05-02-2024,137
1135,4,4,06-02-2024,152
1136,4,4,07-02-2024,166
1137,4,4,08-02-2024,150
1138,4,4,09-02-2024,137
1139,4,4,10-02-2024,137
1140,4,4,11-02-2024,137
1141,4,4,12-02-2024,150
1142,4,4,13-02-2024,173
1143,4,4,14-02-2024,137
1144,4,4,15-02-2024,142
1145,4,4,16-02-2024,137
1146,4,4,17-02-2024,137
1147,4,4,18-02-2024,137
1148,4,4,19-02-2024,137
1149,4,4,20-02-2024,137
1150,4,4,21-02-2024,139
1151,4,4,22-02-2024,137
1152,4,4,23-02-2024,125
1153,4,4,24-02-2024,137
1154,4,4,25-02-2024,137
1155,4,4,26-02-2024,137
1156,4,4,27-02-2024,137
1157,4,4,28-02-2024,137
1158,4,4,29-02-2024,137
1159,4,4,01-03-2024,137
1160,4,4,02-03-2024,139
1161,4,4,03-03-2024,137
1162,4,4,04-03-2024,137
1163,4,4,05-03-2024,137
1164,4,4,06-03-2024,137
1165,4,4,07-03-2024,137
1166,4,4,08-03-2024,137
1167,4,4,09-03-2024,137
1168,4,4,10-03-2024,137
1169,4,4,11-03-2024,137
1170,4,4,12-03-2024,137
1171,4,4,13-03-2024,137
1172,4,4,14-03-2024,137
1173,4,4,15-03-2024,137
1174,4,4,16-03-2024,137
1175,4,4,17-03-2024,137
1176,4,4,18-03-2024,137
1177,4,4,19-03-2024,137
1178,4,4,20-03-2024,137
1179,4,4,21-03-2024,137
1180,4,4,22-03-2024,137
1181,4,4,23-03-2024,137
1182,4,4,24-03-2024,137
1183,4,4,25-03-2024,137
1184,4,4,26-03-2024,137
1185,4,4,27-03-2024,137
1186,4,4,28-03-2024,137
1187,4,4,29-03-2024,150
1188,4,4,30-03-2024,137
1189,4,4,31-03-2024,137
1190,4,4,01-04-2024,137
1191,4,4,02-04-2024,137
1192,4,4,03-04-2024,137
1193,4,4,04-04-2024,150
1194,4,4,05-04-2024,150
1195,4,4,06-04-2024,150
1196,4,4,07-04-2024,137
1197,4,4,08-04-2024,137
1198,4,4,09-04-2024,137
1199,4,4,10-04-2024,137
1200,4,4,11-04-2024,137
1201,4,4,12-04-2024,137
1202,4,4,13-04-2024,137
1203,4,4,14-04-2024,137
1204,4,4,15-04-2024,137
1205,4,4,16-04-2024,137
1206,4,4,17-04-2024,137
1207,4,4,18-04-2024,137
1208,4,4,19-04-2024,137
1209,4,4,20-04-2024,112
1210,4,4,21-04-2024,137
1211,4,4,22-04-2024,137
1212,4,4,23-04-2024,137
1213,4,4,24-04-2024,137
1214,4,4,25-04-2024,150
1215,4,4,26-04-2024,150
1216,4,4,27-04-2024,137
1217,4,4,28-04-2024,137
1218,4,4,29-04-2024,137
1219,4,4,30-04-2024,125
1220,4,4,01-05-2024,137
1221,4,4,02-05-2024,137
1222,4,4,03-05-2024,112
1223,4,4,04-05-2024,137
1224,4,4,05-05-2024,137
1225,4,4,06-05-2024,137
1226,4,4,07-05-2024,137
1227,4,4,08-05-2024,125
1228,4,4,09-05-2024,137
1229,4,4,10-05-2024,125
1230,4,4,11-05-2024,200
1231,4,4,12-05-2024,150
1232,4,4,13-05-2024,125
1233,4,4,14-05-2024,137
1234,4,4,15-05-2024,150
1235,4,4,16-05-2024,175
1236,4,4,17-05-2024,125
1237,4,4,18-05-2024,137
1238,4,4,19-05-2024,125
1239,4,4,20-05-2024,125
1240,4,4,21-05-2024,137
1241,4,4,22-05-2024,137
1242,4,4,23-05-2024,137
1243,4,4,24-05-2024,137
1244,4,4,25-05-2024,150
1245,4,4,26-05-2024,150
1246,4,4,27-05-2024,150
1247,4,4,28-05-2024,150
1248,4,4,29-05-2024,137
1249,4,4,30-05-2024,137
1250,4,4,31-05-2024,100
1251,4,4,01-06-2024,150
1252,4,4,02-06-2024,137
1253,4,4,03-06-2024,150
1254,4,4,04-06-2024,150
1255,4,4,05-06-2024,150
1256,4,4,06-06-2024,137
1257,4,4,07-06-2024,162
1258,4,4,08-06-2024,125
1259,4,4,09-06-2024,137
1260,4,4,10-06-2024,150
1261,4,4,11-06-2024,137
1262,4,4,12-06-2024,150
1263,4,4,13-06-2024,150
1264,4,4,14-06-2024,150
1265,4,4,15-06-2024,150
1266,4,4,16-06-2024,162
1267,4,4,17-06-2024,101
1268,4,4,18-06-2024,162
1269,4,4,19-06-2024,150
1270,4,4,20-06-2024,150
1271,4,4,21-06-2024,137
1272,4,4,22-06-2024,162
1273,4,4,23-06-2024,125
1274,4,4,24-06-2024,125
1275,4,4,25-06-2024,137
1276,4,4,26-06-2024,137
1277,4,4,27-06-2024,125
1278,4,4,28-06-2024,137
1279,4,4,29-06-2024,137
1280,4,4,30-06-2024,137
1281,4,4,01-07-2024,150
1282,4,4,02-07-2024,125
1283,4,4,03-07-2024,150
1284,4,4,04-07-2024,137
1285,4,4,05-07-2024,187
1286,4,4,06-07-2024,137
1287,4,4,07-07-2024,150
1288,4,4,08-07-2024,175
1289,4,4,09-07-2024,162
1290,4,4,10-07-2024,150
1291,4,4,11-07-2024,150
1292,4,4,12-07-2024,187
1293,4,4,13-07-2024,150
1294,4,4,14-07-2024,150
1295,4,4,15-07-2024,137
1296,4,4,16-07-2024,150
1297,4,4,17-07-2024,125
1298,4,4,18-07-2024,137
1299,4,4,19-07-2024,150
1300,4,4,20-07-2024,137
1301,4,4,21-07-2024,125
1302,4,4,22-07-2024,162
1303,4,4,23-07-2024,162
1304,4,4,24-07-2024,137
1305,4,4,25-07-2024,137
1306,4,4,26-07-2024,137
1307,4,4,27-07-2024,137
1308,4,4,28-07-2024,125
1309,4,4,29-07-2024,162
1310,4,4,30-07-2024,150
1311,4,4,31-07-2024,125
1312,4,4,01-08-2024,137
1313,4,4,02-08-2024,137
1314,4,4,03-08-2024,162
1315,4,4,04-08-2024,162
1316,4,4,05-08-2024,150
1317,4,4,06-08-2024,150
1318,4,4,07-08-2024,150
1319,4,4,08-08-2024,162
1320,4,4,09-08-2024,137
1321,4,4,10-08-2024,162
1322,4,4,11-08-2024,137
1323,4,4,12-08-2024,137
1324,4,4,13-08-2024,125
1325,4,4,14-08-2024,125
1326,4,4,15-08-2024,125
1327,4,4,16-08-2024,125
1328,4,4,17-08-2024,125
1329,4,4,18-08-2024,137
1330,4,4,19-08-2024,137
1331,4,4,20-08-2024,137
1332,4,4,21-08-2024,137
1333,4,4,22-08-2024,162
1334,4,4,23-08-2024,150
1335,4,4,24-08-2024,137
1336,4,4,25-08-2024,125
1337,4,4,26-08-2024,137
1338,4,4,27-08-2024,162
1339,4,4,28-08-2024,150
1340,4,4,29-08-2024,137
1341,4,4,30-08-2024,150
1342,4,4,31-08-2024,137
1343,4,4,01-09-2024,137
1344,4,4,02-09-2024,150
1345,4,4,03-09-2024,162
1346,4,4,04-09-2024,150
1347,4,4,05-09-2024,175
1348,4,4,06-09-2024,162
1349,4,4,07-09-2024,162
1350,4,4,08-09-2024,150
1351,4,4,09-09-2024,150
1352,4,4,10-09-2024,137
1353,4,4,11-09-2024,137
1354,4,4,12-09-2024,125
1355,4,4,13-09-2024,137
1356,4,4,14-09-2024,162
1357,4,4,15-09-2024,137
1358,4,4,16-09-2024,137
1359,4,4,17-09-2024,137
1360,4,4,18-09-2024,175
1361,4,4,19-09-2024,150
1362,4,4,20-09-2024,150
1363,4,4,21-09-2024,162
1364,4,4,22-09-2024,150
1365,4,4,23-09-2024,137
1366,4,4,24-09-2024,137
1367,4,4,25-09-2024,150
1368,4,4,26-09-2024,162
1369,4,4,27-09-2024,162
1370,4,4,28-09-2024,125
1371,4,4,29-09-2024,137
1372,4,4,30-09-2024,150
1373,4,4,01-10-2024,137
1374,4,4,02-10-2024,150
1375,4,4,03-10-2024,162
1376,4,4,04-10-2024,150
1377,4,4,05-10-2024,150
1378,4,4,06-10-2024,137
1379,4,4,07-10-2024,125
1380,4,4,08-10-2024,137
1381,4,4,09-10-2024,137
1382,4,4,10-10-2024,150
1383,4,4,11-10-2024,125
1384,4,4,12-10-2024,125
1385,4,4,13-10-2024,137
1386,4,4,14-10-2024,137
1387,4,4,15-10-2024,137
1388,4,4,16-10-2024,150
1389,4,4,17-10-2024,175
1390,4,4,18-10-2024,150
1391,4,4,19-10-2024,150
1392,4,4,20-10-2024,137
1393,4,4,21-10-2024,150
1394,4,4,22-10-2024,150
1395,4,4,23-10-2024,175
1396,4,4,24-10-2024,162
1397,4,4,25-10-2024,175
1398,4,4,26-10-2024,187
1399,4,4,27-10-2024,183
1400,4,4,28-10-2024,175
1401,4,4,29-10-2024,214
1402,4,4,30-10-2024,214
1403,4,4,31-10-2024,312
1404,4,4,01-11-2024,150
1405,4,4,02-11-2024,150
1406,4,4,03-11-2024,137
1407,4,4,04-11-2024,175
1408,4,4,05-11-2024,150
1409,4,4,06-11-2024,162
1410,4,4,07-11-2024,125
1411,4,4,08-11-2024,137
1412,4,4,09-11-2024,150
1413,4,4,10-11-2024,137
1414,4,4,11-11-2024,137
1415,4,4,12-11-2024,125
1416,4,4,13-11-2024,125
1417,4,4,14-11-2024,137
1418,4,4,15-11-2024,125
1419,4,4,16-11-2024,125
1420,4,4,17-11-2024,150
1421,4,4,18-11-2024,137
1422,4,4,19-11-2024,125
1423,4,4,20-11-2024,125
1424,4,4,21-11-2024,137
1425,4,4,22-11-2024,125
1426,4,4,23-11-2024,137
1427,4,4,24-11-2024,162
1428,4,4,25-11-2024,150
1429,4,4,26-11-2024,150
1430,4,4,27-11-2024,162
1431,4,4,28-11-2024,173
1432,4,4,29-11-2024,125
1433,4,4,30-11-2024,137
1434,4,4,01-12-2024,137
1435,4,4,02-12-2024,137
1436,4,4,03-12-2024,137
1437,4,4,04-12-2024,137
1438,4,4,05-12-2024,125
1439,4,4,06-12-2024,137
1440,4,4,07-12-2024,137
1441,4,4,08-12-2024,137
1442,4,4,09-12-2024,142
1443,4,4,10-12-2024,137
1444,4,4,11-12-2024,137
1445,4,4,12-12-2024,137
1446,4,4,13-12-2024,150
1447,4,4,14-12-2024,137
1448,4,4,15-12-2024,150
1449,4,4,16-12-2024,150
1450,4,4,17-12-2024,152
1451,4,4,18-12-2024,150
1452,4,4,19-12-2024,150
1453,4,4,20-12-2024,137
1454,4,4,21-12-2024,125
1455,4,4,22-12-2024,125
1456,4,4,23-12-2024,137
1457,4,4,24-12-2024,137
1458,4,4,25-12-2024,125
1459,4,4,26-12-2024,125
1460,4,4,27-12-2024,125
1461,4,4,28-12-2024,137
1462,4,4,29-12-2024,137
1463,4,4,30-12-2024,137
1464,4,4,31-12-2024,187
1465,5,5,01-01-2024,342
1466,5,5,02-01-2024,341
1467,5,5,03-01-2024,338
1468,5,5,04-01-2024,338
1469,5,5,05-01-2024,345
1470,5,5,06-01-2024,350
1471,5,5,07-01-2024,352
1472,5,5,08-01-2024,349
1473,5,5,09-01-2024,350
1474,5,5,10-01-2024,349
1475,5,5,11-01-2024,347
1476,5,5,12-01-2024,339
1477,5,5,13-01-2024,353
1478,5,5,14-01-2024,365
1479,5,5,15-01-2024,359
1480,5,5,16-01-2024,349
1481,5,5,17-01-2024,335
1482,5,5,18-01-2024,341
1483,5,5,19-01-2024,334
1484,5,5,20-01-2024,351
1485,5,5,21-01-2024,362
1486,5,5,22-01-2024,346
1487,5,5,23-01-2024,357
1488,5,5,24-01-2024,352
1489,5,5,25-01-2024,350
1490,5,5,26-01-2024,355
1491,5,5,27-01-2024,347
1492,5,5,28-01-2024,350
1493,5,5,29-01-2024,342
1494,5,5,30-01-2024,334
1495,5,5,31-01-2024,326
1496,5,5,01-02-2024,319
1497,5,5,02-02-2024,320
1498,5,5,03-02-2024,346
1499,5,5,04-02-2024,334
1500,5,5,05-02-2024,330
1501,5,5,06-02-2024,326
1502,5,5,07-02-2024,313
1503,5,5,08-02-2024,319
1504,5,5,09-02-2024,319
1505,5,5,10-02-2024,342
1506,5,5,11-02-2024,336
1507,5,5,12-02-2024,342
1508,5,5,13-02-2024,342
1509,5,5,14-02-2024,336
1510,5,5,15-02-2024,342
1511,5,5,16-02-2024,337
1512,5,5,17-02-2024,338
1513,5,5,18-02-2024,327
1514,5,5,19-02-2024,310
1515,5,5,20-02-2024,245
1516,5,5,21-02-2024,283
1517,5,5,22-02-2024,322
1518,5,5,23-02-2024,314
1519,5,5,24-02-2024,309
1520,5,5,25-02-2024,303
1521,5,5,26-02-2024,312
1522,5,5,27-02-2024,327
1523,5,5,28-02-2024,301
1524,5,5,29-02-2024,304
1525,5,5,01-03-2024,332
1526,5,5,02-03-2024,331
1527,5,5,03-03-2024,322
1528,5,5,04-03-2024,316
1529,5,5,05-03-2024,315
1530,5,5,06-03-2024,310
1531,5,5,07-03-2024,315
1532,5,5,08-03-2024,318
1533,5,5,09-03-2024,322
1534,5,5,10-03-2024,327
1535,5,5,11-03-2024,332
1536,5,5,12-03-2024,309
1537,5,5,13-03-2024,232
1538,5,5,14-03-2024,183
1539,5,5,15-03-2024,218
1540,5,5,16-03-2024,266
1541,5,5,17-03-2024,283
1542,5,5,18-03-2024,316
1543,5,5,19-03-2024,276
1544,5,5,20-03-2024,128
1545,5,5,21-03-2024,166
1546,5,5,22-03-2024,316
1547,5,5,23-03-2024,314
1548,5,5,24-03-2024,197
1549,5,5,25-03-2024,200
1550,5,5,26-03-2024,183
1551,5,5,27-03-2024,215
1552,5,5,28-03-2024,269
1553,5,5,29-03-2024,242
1554,5,5,30-03-2024,301
1555,5,5,31-03-2024,245
1556,5,5,01-04-2024,304
1557,5,5,02-04-2024,293
1558,5,5,03-04-2024,269
1559,5,5,04-04-2024,218
1560,5,5,05-04-2024,335
1561,5,5,06-04-2024,308
1562,5,5,07-04-2024,228
1563,5,5,08-04-2024,283
1564,5,5,09-04-2024,293
1565,5,5,10-04-2024,328
1566,5,5,11-04-2024,319
1567,5,5,12-04-2024,319
1568,5,5,13-04-2024,319
1569,5,5,14-04-2024,301
1570,5,5,15-04-2024,301
1571,5,5,16-04-2024,232
1572,5,5,17-04-2024,304
1573,5,5,18-04-2024,225
1574,5,5,19-04-2024,293
1575,5,5,20-04-2024,149
1576,5,5,21-04-2024,201
1577,5,5,22-04-2024,276
1578,5,5,23-04-2024,304
1579,5,5,24-04-2024,304
1580,5,5,25-04-2024,297
1581,5,5,26-04-2024,262
1582,5,5,27-04-2024,228
1583,5,5,28-04-2024,232
1584,5,5,29-04-2024,307
1585,5,5,30-04-2024,293
1586,5,5,01-05-2024,312
1587,5,5,02-05-2024,232
1588,5,5,03-05-2024,242
1589,5,5,04-05-2024,183
1590,5,5,05-05-2024,156
1591,5,5,06-05-2024,112
1592,5,5,07-05-2024,137
1593,5,5,08-05-2024,112
1594,5,5,09-05-2024,162
1595,5,5,10-05-2024,112
1596,5,5,11-05-2024,115
1597,5,5,12-05-2024,132
1598,5,5,13-05-2024,162
1599,5,5,14-05-2024,159
1600,5,5,15-05-2024,112
1601,5,5,16-05-2024,112
1602,5,5,17-05-2024,100
1603,5,5,18-05-2024,166
1604,5,5,19-05-2024,135
1605,5,5,20-05-2024,112
1606,5,5,21-05-2024,125
1607,5,5,22-05-2024,100
1608,5,5,23-05-2024,125
1609,5,5,24-05-2024,125
1610,5,5,25-05-2024,118
1611,5,5,26-05-2024,100
1612,5,5,27-05-2024,112
1613,5,5,28-05-2024,303
1614,5,5,29-05-2024,215
1615,5,5,30-05-2024,145
1616,5,5,31-05-2024,128
1617,5,5,01-06-2024,135
1618,5,5,02-06-2024,115
1619,5,5,03-06-2024,108
1620,5,5,04-06-2024,162
1621,5,5,05-06-2024,197
1622,5,5,06-06-2024,186
1623,5,5,07-06-2024,215
1624,5,5,08-06-2024,193
1625,5,5,09-06-2024,90
1626,5,5,10-06-2024,156
1627,5,5,11-06-2024,125
1628,5,5,12-06-2024,149
1629,5,5,13-06-2024,145
1630,5,5,14-06-2024,215
1631,5,5,15-06-2024,200
1632,5,5,16-06-2024,149
1633,5,5,17-06-2024,215
1634,5,5,18-06-2024,145
1635,5,5,19-06-2024,190
1636,5,5,20-06-2024,125
1637,5,5,21-06-2024,159
1638,5,5,22-06-2024,108
1639,5,5,23-06-2024,59
1640,5,5,24-06-2024,100
1641,5,5,25-06-2024,108
1642,5,5,26-06-2024,100
1643,5,5,27-06-2024,100
1644,5,5,28-06-2024,100
1645,5,5,29-06-2024,100
1646,5,5,30-06-2024,197
1647,5,5,01-07-2024,152
1648,5,5,02-07-2024,115
1649,5,5,03-07-2024,132
1650,5,5,04-07-2024,118
1651,5,5,05-07-2024,137
1652,5,5,06-07-2024,137
1653,5,5,07-07-2024,137
1654,5,5,08-07-2024,137
1655,5,5,09-07-2024,137
1656,5,5,10-07-2024,183
1657,5,5,11-07-2024,305
1658,5,5,12-07-2024,125
1659,5,5,13-07-2024,201
1660,5,5,14-07-2024,81
1661,5,5,15-07-2024,68
1662,5,5,16-07-2024,125
1663,5,5,17-07-2024,71
1664,5,5,18-07-2024,112
1665,5,5,19-07-2024,100
1666,5,5,20-07-2024,100
1667,5,5,21-07-2024,100
1668,5,5,22-07-2024,100
1669,5,5,23-07-2024,100
1670,5,5,24-07-2024,100
1671,5,5,25-07-2024,128
1672,5,5,26-07-2024,112
1673,5,5,27-07-2024,85
1674,5,5,28-07-2024,112
1675,5,5,29-07-2024,142
1676,5,5,30-07-2024,121
1677,5,5,31-07-2024,190
1678,5,5,01-08-2024,125
1679,5,5,02-08-2024,68
1680,5,5,03-08-2024,58
1681,5,5,04-08-2024,78
1682,5,5,05-08-2024,176
1683,5,5,06-08-2024,293
1684,5,5,07-08-2024,118
1685,5,5,08-08-2024,149
1686,5,5,09-08-2024,125
1687,5,5,10-08-2024,183
1688,5,5,11-08-2024,193
1689,5,5,12-08-2024,183
1690,5,5,13-08-2024,176
1691,5,5,14-08-2024,215
1692,5,5,15-08-2024,225
1693,5,5,16-08-2024,183
1694,5,5,17-08-2024,169
1695,5,5,18-08-2024,162
1696,5,5,19-08-2024,175
1697,5,5,20-08-2024,183
1698,5,5,21-08-2024,186
1699,5,5,22-08-2024,201
1700,5,5,23-08-2024,125
1701,5,5,24-08-2024,150
1702,5,5,25-08-2024,162
1703,5,5,26-08-2024,101
1704,5,5,27-08-2024,112
1705,5,5,28-08-2024,125
1706,5,5,29-08-2024,112
1707,5,5,30-08-2024,112
1708,5,5,31-08-2024,112
1709,5,5,01-09-2024,112
1710,5,5,02-09-2024,112
1711,5,5,03-09-2024,125
1712,5,5,04-09-2024,125
1713,5,5,05-09-2024,137
1714,5,5,06-09-2024,175
1715,5,5,07-09-2024,180
1716,5,5,08-09-2024,125
1717,5,5,09-09-2024,125
1718,5,5,10-09-2024,137
1719,5,5,11-09-2024,175
1720,5,5,12-09-2024,304
1721,5,5,13-09-2024,286
1722,5,5,14-09-2024,150
1723,5,5,15-09-2024,150
1724,5,5,16-09-2024,150
1725,5,5,17-09-2024,169
1726,5,5,18-09-2024,187
1727,5,5,19-09-2024,319
1728,5,5,20-09-2024,328
1729,5,5,21-09-2024,225
1730,5,5,22-09-2024,218
1731,5,5,23-09-2024,303
1732,5,5,24-09-2024,162
1733,5,5,25-09-2024,162
1734,5,5,26-09-2024,150
1735,5,5,27-09-2024,150
1736,5,5,28-09-2024,162
1737,5,5,29-09-2024,175
1738,5,5,30-09-2024,249
1739,5,5,01-10-2024,313
1740,5,5,02-10-2024,313
1741,5,5,03-10-2024,326
1742,5,5,04-10-2024,313
1743,5,5,05-10-2024,228
1744,5,5,06-10-2024,304
1745,5,5,07-10-2024,187
1746,5,5,08-10-2024,175
1747,5,5,09-10-2024,175
1748,5,5,10-10-2024,175
1749,5,5,11-10-2024,175
1750,5,5,12-10-2024,214
1751,5,5,13-10-2024,283
1752,5,5,14-10-2024,338
1753,5,5,15-10-2024,342
1754,5,5,16-10-2024,335
1755,5,5,17-10-2024,326
1756,5,5,18-10-2024,200
1757,5,5,19-10-2024,243
1758,5,5,20-10-2024,327
1759,5,5,21-10-2024,333
1760,5,5,22-10-2024,329
1761,5,5,23-10-2024,290
1762,5,5,24-10-2024,108
1763,5,5,25-10-2024,197
1764,5,5,26-10-2024,283
1765,5,5,27-10-2024,310
1766,5,5,28-10-2024,290
1767,5,5,29-10-2024,306
1768,5,5,30-10-2024,245
1769,5,5,31-10-2024,313
1770,5,5,01-11-2024,352
1771,5,5,02-11-2024,403
1772,5,5,03-11-2024,342
1773,5,5,04-11-2024,339
1774,5,5,05-11-2024,334
1775,5,5,06-11-2024,309
1776,5,5,07-11-2024,320
1777,5,5,08-11-2024,303
1778,5,5,09-11-2024,290
1779,5,5,10-11-2024,269
1780,5,5,11-11-2024,262
1781,5,5,12-11-2024,305
1782,5,5,13-11-2024,326
1783,5,5,14-11-2024,352
1784,5,5,15-11-2024,346
1785,5,5,16-11-2024,350
1786,5,5,17-11-2024,349
1787,5,5,18-11-2024,339
1788,5,5,19-11-2024,335
1789,5,5,20-11-2024,336
1790,5,5,21-11-2024,335
1791,5,5,22-11-2024,345
1792,5,5,23-11-2024,349
1793,5,5,24-11-2024,349
1794,5,5,25-11-2024,352
1795,5,5,26-11-2024,365
1796,5,5,27-11-2024,337
1797,5,5,28-11-2024,318
1798,5,5,29-11-2024,300
1799,5,5,30-11-2024,290
1800,5,5,01-12-2024,286
1801,5,5,02-12-2024,316
1802,5,5,03-12-2024,339
1803,5,5,04-12-2024,346
1804,5,5,05-12-2024,329
1805,5,5,06-12-2024,329
1806,5,5,07-12-2024,326
1807,5,5,08-12-2024,336
1808,5,5,09-12-2024,335
1809,5,5,10-12-2024,338
1810,5,5,11-12-2024,339
1811,5,5,12-12-2024,335
1812,5,5,13-12-2024,344
1813,5,5,14-12-2024,344
1814,5,5,15-12-2024,342
1815,5,5,16-12-2024,345
1816,5,5,17-12-2024,339
1817,5,5,18-12-2024,352
1818,5,5,19-12-2024,320
1819,5,5,20-12-2024,339
1820,5,5,21-12-2024,328
1821,5,5,22-12-2024,313
1822,5,5,23-12-2024,329
1823,5,5,24-12-2024,326
1824,5,5,25-12-2024,335
1825,5,5,26-12-2024,331
1826,5,5,27-12-2024,342
1827,5,5,28-12-2024,342
1828,5,5,29-12-2024,346
1829,5,5,30-12-2024,283
1830,5,5,31-12-2024,283
1831,6,6,01-01-2024,245
1832,6,6,02-01-2024,249
1833,6,6,03-01-2024,262
1834,6,6,04-01-2024,269
1835,6,6,05-01-2024,239
1836,6,6,06-01-2024,235
1837,6,6,07-01-2024,239
1838,6,6,08-01-2024,239
1839,6,6,09-01-2024,286
1840,6,6,10-01-2024,232
1841,6,6,11-01-2024,218
1842,6,6,12-01-2024,245
1843,6,6,13-01-2024,239
1844,6,6,14-01-2024,239
1845,6,6,15-01-2024,239
1846,6,6,16-01-2024,249
1847,6,6,17-01-2024,218
1848,6,6,18-01-2024,245
1849,6,6,19-01-2024,269
1850,6,6,20-01-2024,218
1851,6,6,21-01-2024,176
1852,6,6,22-01-2024,327
1853,6,6,23-01-2024,190
1854,6,6,24-01-2024,173
1855,6,6,25-01-2024,208
1856,6,6,26-01-2024,186
1857,6,6,27-01-2024,186
1858,6,6,28-01-2024,186
1859,6,6,29-01-2024,183
1860,6,6,30-01-2024,173
1861,6,6,31-01-2024,166
1862,6,6,01-02-2024,228
1863,6,6,02-02-2024,162
1864,6,6,03-02-2024,200
1865,6,6,04-02-2024,169
1866,6,6,05-02-2024,166
1867,6,6,06-02-2024,331
1868,6,6,07-02-2024,200
1869,6,6,08-02-2024,283
1870,6,6,09-02-2024,208
1871,6,6,10-02-2024,221
1872,6,6,11-02-2024,204
1873,6,6,12-02-2024,221
1874,6,6,13-02-2024,145
1875,6,6,14-02-2024,152
1876,6,6,15-02-2024,173
1877,6,6,16-02-2024,135
1878,6,6,17-02-2024,166
1879,6,6,18-02-2024,162
1880,6,6,19-02-2024,152
1881,6,6,20-02-2024,286
1882,6,6,21-02-2024,221
1883,6,6,22-02-2024,190
1884,6,6,23-02-2024,173
1885,6,6,24-02-2024,204
1886,6,6,25-02-2024,190
1887,6,6,26-02-2024,204
1888,6,6,27-02-2024,156
1889,6,6,28-02-2024,128
1890,6,6,29-02-2024,173
1891,6,6,01-03-2024,239
1892,6,6,02-03-2024,239
1893,6,6,03-03-2024,239
1894,6,6,04-03-2024,186
1895,6,6,05-03-2024,328
1896,6,6,06-03-2024,286
1897,6,6,07-03-2024,200
1898,6,6,08-03-2024,218
1899,6,6,09-03-2024,201
1900,6,6,10-03-2024,201
1901,6,6,11-03-2024,204
1902,6,6,12-03-2024,228
1903,6,6,13-03-2024,252
1904,6,6,14-03-2024,256
1905,6,6,15-03-2024,239
1906,6,6,16-03-2024,239
1907,6,6,17-03-2024,186
1908,6,6,18-03-2024,152
1909,6,6,19-03-2024,152
1910,6,6,20-03-2024,309
1911,6,6,21-03-2024,190
1912,6,6,22-03-2024,152
1913,6,6,23-03-2024,218
1914,6,6,24-03-2024,201
1915,6,6,25-03-2024,221
1916,6,6,26-03-2024,239
1917,6,6,27-03-2024,239
1918,6,6,28-03-2024,166
1919,6,6,29-03-2024,239
1920,6,6,30-03-2024,162
1921,6,6,31-03-2024,305
1922,6,6,01-04-2024,340
1923,6,6,02-04-2024,311
1924,6,6,03-04-2024,218
1925,6,6,04-04-2024,218
1926,6,6,05-04-2024,121
1927,6,6,06-04-2024,166
1928,6,6,07-04-2024,204
1929,6,6,08-04-2024,239
1930,6,6,09-04-2024,201
1931,6,6,10-04-2024,162
1932,6,6,11-04-2024,135
1933,6,6,12-04-2024,137
1934,6,6,13-04-2024,125
1935,6,6,14-04-2024,150
1936,6,6,15-04-2024,142
1937,6,6,16-04-2024,162
1938,6,6,17-04-2024,204
1939,6,6,18-04-2024,256
1940,6,6,19-04-2024,306
1941,6,6,20-04-2024,197
1942,6,6,21-04-2024,211
1943,6,6,22-04-2024,201
1944,6,6,23-04-2024,180
1945,6,6,24-04-2024,218
1946,6,6,25-04-2024,316
1947,6,6,26-04-2024,320
1948,6,6,27-04-2024,325
1949,6,6,28-04-2024,228
1950,6,6,29-04-2024,313
1951,6,6,30-04-2024,305
1952,6,6,01-05-2024,235
1953,6,6,02-05-2024,197
1954,6,6,03-05-2024,273
1955,6,6,04-05-2024,221
1956,6,6,05-05-2024,318
1957,6,6,06-05-2024,273
1958,6,6,07-05-2024,166
1959,6,6,08-05-2024,309
1960,6,6,09-05-2024,249
1961,6,6,10-05-2024,197
1962,6,6,11-05-2024,221
1963,6,6,12-05-2024,137
1964,6,6,13-05-2024,239
1965,6,6,14-05-2024,239
1966,6,6,15-05-2024,239
1967,6,6,16-05-2024,218
1968,6,6,17-05-2024,137
1969,6,6,18-05-2024,239
1970,6,6,19-05-2024,239
1971,6,6,20-05-2024,162
1972,6,6,21-05-2024,228
1973,6,6,22-05-2024,321
1974,6,6,23-05-2024,175
1975,6,6,24-05-2024,228
1976,6,6,25-05-2024,256
1977,6,6,26-05-2024,245
1978,6,6,27-05-2024,280
1979,6,6,28-05-2024,303
1980,6,6,29-05-2024,186
1981,6,6,30-05-2024,256
1982,6,6,31-05-2024,300
1983,6,6,01-06-2024,245
1984,6,6,02-06-2024,200
1985,6,6,03-06-2024,186
1986,6,6,04-06-2024,152
1987,6,6,05-06-2024,309
1988,6,6,06-06-2024,228
1989,6,6,07-06-2024,215
1990,6,6,08-06-2024,175
1991,6,6,09-06-2024,180
1992,6,6,10-06-2024,190
1993,6,6,11-06-2024,221
1994,6,6,12-06-2024,305
1995,6,6,13-06-2024,228
1996,6,6,14-06-2024,149
1997,6,6,15-06-2024,197
1998,6,6,16-06-2024,239
1999,6,6,17-06-2024,280
2000,6,6,18-06-2024,218
2001,6,6,19-06-2024,252
2002,6,6,20-06-2024,297
2003,6,6,21-06-2024,175
2004,6,6,22-06-2024,266
2005,6,6,23-06-2024,245
2006,6,6,24-06-2024,218
2007,6,6,25-06-2024,204
2008,6,6,26-06-2024,215
2009,6,6,27-06-2024,252
2010,6,6,28-06-2024,204
2011,6,6,29-06-2024,239
2012,6,6,30-06-2024,186
2013,6,6,01-07-2024,286
2014,6,6,02-07-2024,280
2015,6,6,03-07-2024,266
2016,6,6,04-07-2024,201
2017,6,6,05-07-2024,197
2018,6,6,06-07-2024,200
2019,6,6,07-07-2024,162
2020,6,6,08-07-2024,302
2021,6,6,09-07-2024,186
2022,6,6,10-07-2024,218
2023,6,6,11-07-2024,262
2024,6,6,12-07-2024,221
2025,6,6,13-07-2024,211
2026,6,6,14-07-2024,239
2027,6,6,15-07-2024,266
2028,6,6,16-07-2024,190
2029,6,6,17-07-2024,166
2030,6,6,18-07-2024,186
2031,6,6,19-07-2024,249
2032,6,6,20-07-2024,239
2033,6,6,21-07-2024,239
2034,6,6,22-07-2024,149
2035,6,6,23-07-2024,305
2036,6,6,24-07-2024,200
2037,6,6,25-07-2024,166
2038,6,6,26-07-2024,283
2039,6,6,27-07-2024,235
2040,6,6,28-07-2024,200
2041,6,6,29-07-2024,218
2042,6,6,30-07-2024,319
2043,6,6,31-07-2024,242
2044,6,6,01-08-2024,208
2045,6,6,02-08-2024,245
2046,6,6,03-08-2024,218
2047,6,6,04-08-2024,218
2048,6,6,05-08-2024,302
2049,6,6,06-08-2024,197
2050,6,6,07-08-2024,201
2051,6,6,08-08-2024,211
2052,6,6,09-08-2024,232
2053,6,6,10-08-2024,218
2054,6,6,11-08-2024,176
2055,6,6,12-08-2024,228
2056,6,6,13-08-2024,186
2057,6,6,14-08-2024,305
2058,6,6,15-08-2024,252
2059,6,6,16-08-2024,301
2060,6,6,17-08-2024,218
2061,6,6,18-08-2024,242
2062,6,6,19-08-2024,218
2063,6,6,20-08-2024,200
2064,6,6,21-08-2024,186
2065,6,6,22-08-2024,200
2066,6,6,23-08-2024,252
2067,6,6,24-08-2024,166
2068,6,6,25-08-2024,266
2069,6,6,26-08-2024,315
2070,6,6,27-08-2024,221
2071,6,6,28-08-2024,320
2072,6,6,29-08-2024,218
2073,6,6,30-08-2024,186
2074,6,6,31-08-2024,262
2075,6,6,01-09-2024,228
2076,6,6,02-09-2024,273
2077,6,6,03-09-2024,162
2078,6,6,04-09-2024,211
2079,6,6,05-09-2024,180
2080,6,6,06-09-2024,269
2081,6,6,07-09-2024,190
2082,6,6,08-09-2024,187
2083,6,6,09-09-2024,197
2084,6,6,10-09-2024,208
2085,6,6,11-09-2024,235
2086,6,6,12-09-2024,239
2087,6,6,13-09-2024,200
2088,6,6,14-09-2024,197
2089,6,6,15-09-2024,211
2090,6,6,16-09-2024,200
2091,6,6,17-09-2024,201
2092,6,6,18-09-2024,239
2093,6,6,19-09-2024,239
2094,6,6,20-09-2024,303
2095,6,6,21-09-2024,221
2096,6,6,22-09-2024,242
2097,6,6,23-09-2024,262
2098,6,6,24-09-2024,208
2099,6,6,25-09-2024,201
2100,6,6,26-09-2024,197
2101,6,6,27-09-2024,190
2102,6,6,28-09-2024,186
2103,6,6,29-09-2024,186
2104,6,6,30-09-2024,218
2105,6,6,01-10-2024,307
2106,6,6,02-10-2024,283
2107,6,6,03-10-2024,208
2108,6,6,04-10-2024,232
2109,6,6,05-10-2024,235
2110,6,6,06-10-2024,266
2111,6,6,07-10-2024,286
2112,6,6,08-10-2024,200
2113,6,6,09-10-2024,218
2114,6,6,10-10-2024,200
2115,6,6,11-10-2024,166
2116,6,6,12-10-2024,180
2117,6,6,13-10-2024,186
2118,6,6,14-10-2024,183
2119,6,6,15-10-2024,190
2120,6,6,16-10-2024,197
2121,6,6,17-10-2024,149
2122,6,6,18-10-2024,152
2123,6,6,19-10-2024,152
2124,6,6,20-10-2024,211
2125,6,6,21-10-2024,266
2126,6,6,22-10-2024,197
2127,6,6,23-10-2024,218
2128,6,6,24-10-2024,305
2129,6,6,25-10-2024,197
2130,6,6,26-10-2024,215
2131,6,6,27-10-2024,221
2132,6,6,28-10-2024,228
2133,6,6,29-10-2024,276
2134,6,6,30-10-2024,283
2135,6,6,31-10-2024,313
2136,6,6,01-11-2024,239
2137,6,6,02-11-2024,239
2138,6,6,03-11-2024,239
2139,6,6,04-11-2024,239
2140,6,6,05-11-2024,239
2141,6,6,06-11-2024,239
2142,6,6,07-11-2024,239
2143,6,6,08-11-2024,239
2144,6,6,09-11-2024,239
2145,6,6,10-11-2024,239
2146,6,6,11-11-2024,239
2147,6,6,12-11-2024,239
2148,6,6,13-11-2024,331
2149,6,6,14-11-2024,307
2150,6,6,15-11-2024,313
2151,6,6,16-11-2024,311
2152,6,6,17-11-2024,302
2153,6,6,18-11-2024,319
2154,6,6,19-11-2024,303
2155,6,6,20-11-2024,306
2156,6,6,21-11-2024,313
2157,6,6,22-11-2024,308
2158,6,6,23-11-2024,312
2159,6,6,24-11-2024,304
2160,6,6,25-11-2024,319
2161,6,6,26-11-2024,304
2162,6,6,27-11-2024,286
2163,6,6,28-11-2024,303
2164,6,6,29-11-2024,303
2165,6,6,30-11-2024,303
2166,6,6,01-12-2024,286
2167,6,6,02-12-2024,309
2168,6,6,03-12-2024,276
2169,6,6,04-12-2024,304
2170,6,6,05-12-2024,316
2171,6,6,06-12-2024,286
2172,6,6,07-12-2024,301
2173,6,6,08-12-2024,305
2174,6,6,09-12-2024,313
2175,6,6,10-12-2024,318
2176,6,6,11-12-2024,307
2177,6,6,12-12-2024,302
2178,6,6,13-12-2024,304
2179,6,6,14-12-2024,308
2180,6,6,15-12-2024,308
2181,6,6,16-12-2024,309
2182,6,6,17-12-2024,307
2183,6,6,18-12-2024,316
2184,6,6,19-12-2024,303
2185,6,6,20-12-2024,280
2186,6,6,21-12-2024,305
2187,6,6,22-12-2024,309
2188,6,6,23-12-2024,313
2189,6,6,24-12-2024,269
2190,6,6,25-12-2024,252
2191,6,6,26-12-2024,301
2192,6,6,27-12-2024,301
2193,6,6,28-12-2024,290
2194,6,6,29-12-2024,266
2195,6,6,30-12-2024,239
2196,6,6,31-12-2024,239
2197,7,7,01-01-2024,404
2198,7,7,02-01-2024,403
2199,7,7,03-01-2024,403
2200,7,7,04-01-2024,403
2201,7,7,05-01-2024,403
2202,7,7,06-01-2024,403
2203,7,7,07-01-2024,408
2204,7,7,08-01-2024,409
2205,7,7,09-01-2024,410
2206,7,7,10-01-2024,410
2207,7,7,11-01-2024,408
2208,7,7,12-01-2024,406
2209,7,7,13-01-2024,403
2210,7,7,14-01-2024,406
2211,7,7,15-01-2024,408
2212,7,7,16-01-2024,409
2213,7,7,17-01-2024,409
2214,7,7,18-01-2024,409
2215,7,7,19-01-2024,409
2216,7,7,20-01-2024,408
2217,7,7,21-01-2024,404
2218,7,7,22-01-2024,404
2219,7,7,23-01-2024,410
2220,7,7,24-01-2024,403
2221,7,7,25-01-2024,403
2222,7,7,26-01-2024,406
2223,7,7,27-01-2024,408
2224,7,7,28-01-2024,409
2225,7,7,29-01-2024,410
2226,7,7,30-01-2024,406
2227,7,7,31-01-2024,403
2228,7,7,01-02-2024,403
2229,7,7,02-02-2024,403
2230,7,7,03-02-2024,405
2231,7,7,04-02-2024,403
2232,7,7,05-02-2024,404
2233,7,7,06-02-2024,404
2234,7,7,07-02-2024,405
2235,7,7,08-02-2024,404
2236,7,7,09-02-2024,403
2237,7,7,10-02-2024,403
2238,7,7,11-02-2024,404
2239,7,7,12-02-2024,405
2240,7,7,13-02-2024,404
2241,7,7,14-02-2024,404
2242,7,7,15-02-2024,408
2243,7,7,16-02-2024,408
2244,7,7,17-02-2024,408
2245,7,7,18-02-2024,408
2246,7,7,19-02-2024,408
2247,7,7,20-02-2024,408
2248,7,7,21-02-2024,408
2249,7,7,22-02-2024,403
2250,7,7,23-02-2024,403
2251,7,7,24-02-2024,403
2252,7,7,25-02-2024,403
2253,7,7,26-02-2024,410
2254,7,7,27-02-2024,410
2255,7,7,28-02-2024,410
2256,7,7,29-02-2024,410
2257,7,7,01-03-2024,411
2258,7,7,02-03-2024,410
2259,7,7,03-03-2024,410
2260,7,7,04-03-2024,410
2261,7,7,05-03-2024,407
2262,7,7,06-03-2024,403
2263,7,7,07-03-2024,406
2264,7,7,08-03-2024,409
2265,7,7,09-03-2024,413
2266,7,7,10-03-2024,412
2267,7,7,11-03-2024,403
2268,7,7,12-03-2024,404
2269,7,7,13-03-2024,404
2270,7,7,14-03-2024,408
2271,7,7,15-03-2024,403
2272,7,7,16-03-2024,403
2273,7,7,17-03-2024,403
2274,7,7,18-03-2024,403
2275,7,7,19-03-2024,407
2276,7,7,20-03-2024,411
2277,7,7,21-03-2024,404
2278,7,7,22-03-2024,404
2279,7,7,23-03-2024,403
2280,7,7,24-03-2024,403
2281,7,7,25-03-2024,406
2282,7,7,26-03-2024,408
2283,7,7,27-03-2024,403
2284,7,7,28-03-2024,403
2285,7,7,29-03-2024,403
2286,7,7,30-03-2024,403
2287,7,7,31-03-2024,403
2288,7,7,01-04-2024,403
2289,7,7,02-04-2024,403
2290,7,7,03-04-2024,410
2291,7,7,04-04-2024,406
2292,7,7,05-04-2024,403
2293,7,7,06-04-2024,403
2294,7,7,07-04-2024,403
2295,7,7,08-04-2024,403
2296,7,7,09-04-2024,403
2297,7,7,10-04-2024,403
2298,7,7,11-04-2024,403
2299,7,7,12-04-2024,403
2300,7,7,13-04-2024,403
2301,7,7,14-04-2024,403
2302,7,7,15-04-2024,403
2303,7,7,16-04-2024,403
2304,7,7,17-04-2024,403
2305,7,7,18-04-2024,403
2306,7,7,19-04-2024,403
2307,7,7,20-04-2024,403
2308,7,7,21-04-2024,403
2309,7,7,22-04-2024,404
2310,7,7,23-04-2024,404
2311,7,7,24-04-2024,404
2312,7,7,25-04-2024,403
2313,7,7,26-04-2024,403
2314,7,7,27-04-2024,403
2315,7,7,28-04-2024,403
2316,7,7,29-04-2024,403
2317,7,7,30-04-2024,403
2318,7,7,01-05-2024,403
2319,7,7,02-05-2024,403
2320,7,7,03-05-2024,403
2321,7,7,04-05-2024,404
2322,7,7,05-05-2024,404
2323,7,7,06-05-2024,403
2324,7,7,07-05-2024,404
2325,7,7,08-05-2024,404
2326,7,7,09-05-2024,404
2327,7,7,10-05-2024,403
2328,7,7,11-05-2024,403
2329,7,7,12-05-2024,403
2330,7,7,13-05-2024,403
2331,7,7,14-05-2024,403
2332,7,7,15-05-2024,403
2333,7,7,16-05-2024,403
2334,7,7,17-05-2024,403
2335,7,7,18-05-2024,404
2336,7,7,19-05-2024,404
2337,7,7,20-05-2024,403
2338,7,7,21-05-2024,404
2339,7,7,22-05-2024,404
2340,7,7,23-05-2024,408
2341,7,7,24-05-2024,406
2342,7,7,25-05-2024,403
2343,7,7,26-05-2024,403
2344,7,7,27-05-2024,403
2345,7,7,28-05-2024,403
2346,7,7,29-05-2024,406
2347,7,7,30-05-2024,408
2348,7,7,31-05-2024,413
2349,7,7,01-06-2024,417
2350,7,7,02-06-2024,410
2351,7,7,03-06-2024,406
2352,7,7,04-06-2024,406
2353,7,7,05-06-2024,439
2354,7,7,06-06-2024,408
2355,7,7,07-06-2024,405
2356,7,7,08-06-2024,405
2357,7,7,09-06-2024,404
2358,7,7,10-06-2024,403
2359,7,7,11-06-2024,403
2360,7,7,12-06-2024,403
2361,7,7,13-06-2024,403
2362,7,7,14-06-2024,406
2363,7,7,15-06-2024,408
2364,7,7,16-06-2024,403
2365,7,7,17-06-2024,403
2366,7,7,18-06-2024,403
2367,7,7,19-06-2024,403
2368,7,7,20-06-2024,403
2369,7,7,21-06-2024,403
2370,7,7,22-06-2024,403
2371,7,7,23-06-2024,404
2372,7,7,24-06-2024,404
2373,7,7,25-06-2024,403
2374,7,7,26-06-2024,403
2375,7,7,27-06-2024,403
2376,7,7,28-06-2024,403
2377,7,7,29-06-2024,403
2378,7,7,30-06-2024,403
2379,7,7,01-07-2024,403
2380,7,7,02-07-2024,403
2381,7,7,03-07-2024,403
2382,7,7,04-07-2024,403
2383,7,7,05-07-2024,404
2384,7,7,06-07-2024,404
2385,7,7,07-07-2024,403
2386,7,7,08-07-2024,403
2387,7,7,09-07-2024,403
2388,7,7,10-07-2024,403
2389,7,7,11-07-2024,404
2390,7,7,12-07-2024,404
2391,7,7,13-07-2024,403
2392,7,7,14-07-2024,403
2393,7,7,15-07-2024,403
2394,7,7,16-07-2024,403
2395,7,7,17-07-2024,403
2396,7,7,18-07-2024,403
2397,7,7,19-07-2024,403
2398,7,7,20-07-2024,403
2399,7,7,21-07-2024,403
2400,7,7,22-07-2024,403
2401,7,7,23-07-2024,403
2402,7,7,24-07-2024,403
2403,7,7,25-07-2024,404
2404,7,7,26-07-2024,404
2405,7,7,27-07-2024,403
2406,7,7,28-07-2024,403
2407,7,7,29-07-2024,403
2408,7,7,30-07-2024,403
2409,7,7,31-07-2024,403
2410,7,7,01-08-2024,404
2411,7,7,02-08-2024,404
2412,7,7,03-08-2024,404
2413,7,7,04-08-2024,403
2414,7,7,05-08-2024,403
2415,7,7,06-08-2024,403
2416,7,7,07-08-2024,404
2417,7,7,08-08-2024,404
2418,7,7,09-08-2024,403
2419,7,7,10-08-2024,403
2420,7,7,11-08-2024,403
2421,7,7,12-08-2024,403
2422,7,7,13-08-2024,403
2423,7,7,14-08-2024,403
2424,7,7,15-08-2024,403
2425,7,7,16-08-2024,404
2426,7,7,17-08-2024,404
2427,7,7,18-08-2024,403
2428,7,7,19-08-2024,403
2429,7,7,20-08-2024,403
2430,7,7,21-08-2024,403
2431,7,7,22-08-2024,403
2432,7,7,23-08-2024,403
2433,7,7,24-08-2024,403
2434,7,7,25-08-2024,403
2435,7,7,26-08-2024,403
2436,7,7,27-08-2024,403
2437,7,7,28-08-2024,404
2438,7,7,29-08-2024,404
2439,7,7,30-08-2024,404
2440,7,7,31-08-2024,404
2441,7,7,01-09-2024,403
2442,7,7,02-09-2024,403
2443,7,7,03-09-2024,403
2444,7,7,04-09-2024,403
2445,7,7,05-09-2024,403
2446,7,7,06-09-2024,403
2447,7,7,07-09-2024,403
2448,7,7,08-09-2024,403
2449,7,7,09-09-2024,403
2450,7,7,10-09-2024,403
2451,7,7,11-09-2024,403
2452,7,7,12-09-2024,403
2453,7,7,13-09-2024,403
2454,7,7,14-09-2024,403
2455,7,7,15-09-2024,403
2456,7,7,16-09-2024,403
2457,7,7,17-09-2024,403
2458,7,7,18-09-2024,403
2459,7,7,19-09-2024,403
2460,7,7,20-09-2024,404
2461,7,7,21-09-2024,404
2462,7,7,22-09-2024,404
2463,7,7,23-09-2024,403
2464,7,7,24-09-2024,403
2465,7,7,25-09-2024,403
2466,7,7,26-09-2024,403
2467,7,7,27-09-2024,403
2468,7,7,28-09-2024,403
2469,7,7,29-09-2024,403
2470,7,7,30-09-2024,406
2471,7,7,01-10-2024,408
2472,7,7,02-10-2024,403
2473,7,7,03-10-2024,404
2474,7,7,04-10-2024,404
2475,7,7,05-10-2024,403
2476,7,7,06-10-2024,403
2477,7,7,07-10-2024,403
2478,7,7,08-10-2024,404
2479,7,7,09-10-2024,404
2480,7,7,10-10-2024,404
2481,7,7,11-10-2024,403
2482,7,7,12-10-2024,404
2483,7,7,13-10-2024,404
2484,7,7,14-10-2024,404
2485,7,7,15-10-2024,403
2486,7,7,16-10-2024,403
2487,7,7,17-10-2024,403
2488,7,7,18-10-2024,403
2489,7,7,19-10-2024,403
2490,7,7,20-10-2024,403
2491,7,7,21-10-2024,403
2492,7,7,22-10-2024,403
2493,7,7,23-10-2024,403
2494,7,7,24-10-2024,405
2495,7,7,25-10-2024,403
2496,7,7,26-10-2024,403
2497,7,7,27-10-2024,403
2498,7,7,28-10-2024,403
2499,7,7,29-10-2024,403
2500,7,7,30-10-2024,403
2501,7,7,31-10-2024,403
2502,7,7,01-11-2024,404
2503,7,7,02-11-2024,404
2504,7,7,03-11-2024,404
2505,7,7,04-11-2024,403
2506,7,7,05-11-2024,404
2507,7,7,06-11-2024,404
2508,7,7,07-11-2024,403
2509,7,7,08-11-2024,403
2510,7,7,09-11-2024,403
2511,7,7,10-11-2024,404
2512,7,7,11-11-2024,403
2513,7,7,12-11-2024,403
2514,7,7,13-11-2024,405
2515,7,7,14-11-2024,404
2516,7,7,15-11-2024,404
2517,7,7,16-11-2024,404
2518,7,7,17-11-2024,404
2519,7,7,18-11-2024,404
2520,7,7,19-11-2024,404
2521,7,7,20-11-2024,404
2522,7,7,21-11-2024,404
2523,7,7,22-11-2024,404
2524,7,7,23-11-2024,404
2525,7,7,24-11-2024,404
2526,7,7,25-11-2024,404
2527,7,7,26-11-2024,403
2528,7,7,27-11-2024,404
2529,7,7,28-11-2024,403
2530,7,7,29-11-2024,403
2531,7,7,30-11-2024,403
2532,7,7,01-12-2024,403
2533,7,7,02-12-2024,403
2534,7,7,03-12-2024,403
2535,7,7,04-12-2024,404
2536,7,7,05-12-2024,404
2537,7,7,06-12-2024,404
2538,7,7,07-12-2024,404
2539,7,7,08-12-2024,404
2540,7,7,09-12-2024,404
2541,7,7,10-12-2024,405
2542,7,7,11-12-2024,405
2543,7,7,12-12-2024,405
2544,7,7,13-12-2024,405
2545,7,7,14-12-2024,405
2546,7,7,15-12-2024,405
2547,7,7,16-12-2024,405
2548,7,7,17-12-2024,406
2549,7,7,18-12-2024,406
2550,7,7,19-12-2024,406
2551,7,7,20-12-2024,406
2552,7,7,21-12-2024,406
2553,7,7,22-12-2024,406
2554,7,7,23-12-2024,406
2555,7,7,24-12-2024,406
2556,7,7,25-12-2024,406
2557,7,7,26-12-2024,406
2558,7,7,27-12-2024,406
2559,7,7,28-12-2024,406
2560,7,7,29-12-2024,406
2561,7,7,30-12-2024,406
2562,7,7,31-12-2024,406
2563,8,8,01-01-2024,349
2564,8,8,02-01-2024,341
2565,8,8,03-01-2024,341
2566,8,8,04-01-2024,364
2567,8,8,05-01-2024,329
2568,8,8,06-01-2024,323
2569,8,8,07-01-2024,333
2570,8,8,08-01-2024,339
2571,8,8,09-01-2024,338
2572,8,8,10-01-2024,322
2573,8,8,11-01-2024,334
2574,8,8,12-01-2024,317
2575,8,8,13-01-2024,325
2576,8,8,14-01-2024,313
2577,8,8,15-01-2024,302
2578,8,8,16-01-2024,329
2579,8,8,17-01-2024,322
2580,8,8,18-01-2024,327
2581,8,8,19-01-2024,331
2582,8,8,20-01-2024,351
2583,8,8,21-01-2024,359
2584,8,8,22-01-2024,329
2585,8,8,23-01-2024,322
2586,8,8,24-01-2024,286
2587,8,8,25-01-2024,276
2588,8,8,26-01-2024,315
2589,8,8,27-01-2024,328
2590,8,8,28-01-2024,329
2591,8,8,29-01-2024,322
2592,8,8,30-01-2024,331
2593,8,8,31-01-2024,326
2594,8,8,01-02-2024,319
2595,8,8,02-02-2024,330
2596,8,8,03-02-2024,342
2597,8,8,04-02-2024,308
2598,8,8,05-02-2024,307
2599,8,8,06-02-2024,322
2600,8,8,07-02-2024,302
2601,8,8,08-02-2024,302
2602,8,8,09-02-2024,245
2603,8,8,10-02-2024,228
2604,8,8,11-02-2024,309
2605,8,8,12-02-2024,329
2606,8,8,13-02-2024,342
2607,8,8,14-02-2024,341
2608,8,8,15-02-2024,336
2609,8,8,16-02-2024,332
2610,8,8,17-02-2024,330
2611,8,8,18-02-2024,319
2612,8,8,19-02-2024,221
2613,8,8,20-02-2024,303
2614,8,8,21-02-2024,162
2615,8,8,22-02-2024,211
2616,8,8,23-02-2024,309
2617,8,8,24-02-2024,193
2618,8,8,25-02-2024,190
2619,8,8,26-02-2024,235
2620,8,8,27-02-2024,300
2621,8,8,28-02-2024,308
2622,8,8,29-02-2024,302
2623,8,8,01-03-2024,297
2624,8,8,02-03-2024,201
2625,8,8,03-03-2024,204
2626,8,8,04-03-2024,137
2627,8,8,05-03-2024,162
2628,8,8,06-03-2024,149
2629,8,8,07-03-2024,208
2630,8,8,08-03-2024,176
2631,8,8,09-03-2024,190
2632,8,8,10-03-2024,173
2633,8,8,11-03-2024,197
2634,8,8,12-03-2024,239
2635,8,8,13-03-2024,112
2636,8,8,14-03-2024,159
2637,8,8,15-03-2024,173
2638,8,8,16-03-2024,186
2639,8,8,17-03-2024,218
2640,8,8,18-03-2024,228
2641,8,8,19-03-2024,235
2642,8,8,20-03-2024,180
2643,8,8,21-03-2024,211
2644,8,8,22-03-2024,262
2645,8,8,23-03-2024,303
2646,8,8,24-03-2024,239
2647,8,8,25-03-2024,320
2648,8,8,26-03-2024,183
2649,8,8,27-03-2024,208
2650,8,8,28-03-2024,321
2651,8,8,29-03-2024,293
2652,8,8,30-03-2024,303
2653,8,8,31-03-2024,242
2654,8,8,01-04-2024,197
2655,8,8,02-04-2024,252
2656,8,8,03-04-2024,303
2657,8,8,04-04-2024,307
2658,8,8,05-04-2024,208
2659,8,8,06-04-2024,150
2660,8,8,07-04-2024,306
2661,8,8,08-04-2024,309
2662,8,8,09-04-2024,311
2663,8,8,10-04-2024,252
2664,8,8,11-04-2024,183
2665,8,8,12-04-2024,166
2666,8,8,13-04-2024,228
2667,8,8,14-04-2024,243
2668,8,8,15-04-2024,297
2669,8,8,16-04-2024,239
2670,8,8,17-04-2024,175
2671,8,8,18-04-2024,232
2672,8,8,19-04-2024,149
2673,8,8,20-04-2024,211
2674,8,8,21-04-2024,132
2675,8,8,22-04-2024,176
2676,8,8,23-04-2024,176
2677,8,8,24-04-2024,193
2678,8,8,25-04-2024,197
2679,8,8,26-04-2024,211
2680,8,8,27-04-2024,228
2681,8,8,28-04-2024,139
2682,8,8,29-04-2024,162
2683,8,8,30-04-2024,145
2684,8,8,01-05-2024,159
2685,8,8,02-05-2024,242
2686,8,8,03-05-2024,200
2687,8,8,04-05-2024,228
2688,8,8,05-05-2024,137
2689,8,8,06-05-2024,125
2690,8,8,07-05-2024,215
2691,8,8,08-05-2024,139
2692,8,8,09-05-2024,173
2693,8,8,10-05-2024,135
2694,8,8,11-05-2024,152
2695,8,8,12-05-2024,132
2696,8,8,13-05-2024,137
2697,8,8,14-05-2024,137
2698,8,8,15-05-2024,112
2699,8,8,16-05-2024,183
2700,8,8,17-05-2024,283
2701,8,8,18-05-2024,239
2702,8,8,19-05-2024,186
2703,8,8,20-05-2024,162
2704,8,8,21-05-2024,152
2705,8,8,22-05-2024,180
2706,8,8,23-05-2024,176
2707,8,8,24-05-2024,193
2708,8,8,25-05-2024,208
2709,8,8,26-05-2024,256
2710,8,8,27-05-2024,162
2711,8,8,28-05-2024,152
2712,8,8,29-05-2024,159
2713,8,8,30-05-2024,162
2714,8,8,31-05-2024,186
2715,8,8,01-06-2024,187
2716,8,8,02-06-2024,159
2717,8,8,03-06-2024,145
2718,8,8,04-06-2024,125
2719,8,8,05-06-2024,243
2720,8,8,06-06-2024,215
2721,8,8,07-06-2024,215
2722,8,8,08-06-2024,249
2723,8,8,09-06-2024,139
2724,8,8,10-06-2024,145
2725,8,8,11-06-2024,149
2726,8,8,12-06-2024,137
2727,8,8,13-06-2024,162
2728,8,8,14-06-2024,214
2729,8,8,15-06-2024,286
2730,8,8,16-06-2024,162
2731,8,8,17-06-2024,132
2732,8,8,18-06-2024,150
2733,8,8,19-06-2024,150
2734,8,8,20-06-2024,162
2735,8,8,21-06-2024,137
2736,8,8,22-06-2024,150
2737,8,8,23-06-2024,137
2738,8,8,24-06-2024,125
2739,8,8,25-06-2024,125
2740,8,8,26-06-2024,137
2741,8,8,27-06-2024,137
2742,8,8,28-06-2024,137
2743,8,8,29-06-2024,175
2744,8,8,30-06-2024,150
2745,8,8,01-07-2024,112
2746,8,8,02-07-2024,112
2747,8,8,03-07-2024,112
2748,8,8,04-07-2024,90
2749,8,8,05-07-2024,125
2750,8,8,06-07-2024,125
2751,8,8,07-07-2024,175
2752,8,8,08-07-2024,162
2753,8,8,09-07-2024,150
2754,8,8,10-07-2024,137
2755,8,8,11-07-2024,125
2756,8,8,12-07-2024,112
2757,8,8,13-07-2024,125
2758,8,8,14-07-2024,137
2759,8,8,15-07-2024,150
2760,8,8,16-07-2024,112
2761,8,8,17-07-2024,112
2762,8,8,18-07-2024,112
2763,8,8,19-07-2024,112
2764,8,8,20-07-2024,150
2765,8,8,21-07-2024,137
2766,8,8,22-07-2024,137
2767,8,8,23-07-2024,162
2768,8,8,24-07-2024,125
2769,8,8,25-07-2024,125
2770,8,8,26-07-2024,125
2771,8,8,27-07-2024,112
2772,8,8,28-07-2024,125
2773,8,8,29-07-2024,112
2774,8,8,30-07-2024,112
2775,8,8,31-07-2024,137
2776,8,8,01-08-2024,115
2777,8,8,02-08-2024,100
2778,8,8,03-08-2024,100
2779,8,8,04-08-2024,112
2780,8,8,05-08-2024,112
2781,8,8,06-08-2024,112
2782,8,8,07-08-2024,150
2783,8,8,08-08-2024,150
2784,8,8,09-08-2024,137
2785,8,8,10-08-2024,162
2786,8,8,11-08-2024,150
2787,8,8,12-08-2024,137
2788,8,8,13-08-2024,125
2789,8,8,14-08-2024,128
2790,8,8,15-08-2024,137
2791,8,8,16-08-2024,150
2792,8,8,17-08-2024,162
2793,8,8,18-08-2024,159
2794,8,8,19-08-2024,162
2795,8,8,20-08-2024,162
2796,8,8,21-08-2024,150
2797,8,8,22-08-2024,156
2798,8,8,23-08-2024,137
2799,8,8,24-08-2024,125
2800,8,8,25-08-2024,112
2801,8,8,26-08-2024,100
2802,8,8,27-08-2024,100
2803,8,8,28-08-2024,162
2804,8,8,29-08-2024,175
2805,8,8,30-08-2024,137
2806,8,8,31-08-2024,150
2807,8,8,01-09-2024,200
2808,8,8,02-09-2024,180
2809,8,8,03-09-2024,150
2810,8,8,04-09-2024,137
2811,8,8,05-09-2024,125
2812,8,8,06-09-2024,137
2813,8,8,07-09-2024,150
2814,8,8,08-09-2024,150
2815,8,8,09-09-2024,137
2816,8,8,10-09-2024,125
2817,8,8,11-09-2024,112
2818,8,8,12-09-2024,186
2819,8,8,13-09-2024,162
2820,8,8,14-09-2024,137
2821,8,8,15-09-2024,150
2822,8,8,16-09-2024,166
2823,8,8,17-09-2024,156
2824,8,8,18-09-2024,137
2825,8,8,19-09-2024,186
2826,8,8,20-09-2024,186
2827,8,8,21-09-2024,228
2828,8,8,22-09-2024,252
2829,8,8,23-09-2024,245
2830,8,8,24-09-2024,215
2831,8,8,25-09-2024,180
2832,8,8,26-09-2024,159
2833,8,8,27-09-2024,150
2834,8,8,28-09-2024,150
2835,8,8,29-09-2024,187
2836,8,8,30-09-2024,162
2837,8,8,01-10-2024,215
2838,8,8,02-10-2024,228
2839,8,8,03-10-2024,249
2840,8,8,04-10-2024,309
2841,8,8,05-10-2024,293
2842,8,8,06-10-2024,303
2843,8,8,07-10-2024,300
2844,8,8,08-10-2024,311
2845,8,8,09-10-2024,318
2846,8,8,10-10-2024,304
2847,8,8,11-10-2024,309
2848,8,8,12-10-2024,259
2849,8,8,13-10-2024,302
2850,8,8,14-10-2024,201
2851,8,8,15-10-2024,305
2852,8,8,16-10-2024,331
2853,8,8,17-10-2024,316
2854,8,8,18-10-2024,276
2855,8,8,19-10-2024,308
2856,8,8,20-10-2024,208
2857,8,8,21-10-2024,200
2858,8,8,22-10-2024,331
2859,8,8,23-10-2024,325
2860,8,8,24-10-2024,334
2861,8,8,25-10-2024,328
2862,8,8,26-10-2024,318
2863,8,8,27-10-2024,320
2864,8,8,28-10-2024,297
2865,8,8,29-10-2024,301
2866,8,8,30-10-2024,309
2867,8,8,31-10-2024,319
2868,8,8,01-11-2024,283
2869,8,8,02-11-2024,306
2870,8,8,03-11-2024,316
2871,8,8,04-11-2024,290
2872,8,8,05-11-2024,326
2873,8,8,06-11-2024,339
2874,8,8,07-11-2024,351
2875,8,8,08-11-2024,356
2876,8,8,09-11-2024,353
2877,8,8,10-11-2024,335
2878,8,8,11-11-2024,339
2879,8,8,12-11-2024,348
2880,8,8,13-11-2024,363
2881,8,8,14-11-2024,330
2882,8,8,15-11-2024,332
2883,8,8,16-11-2024,334
2884,8,8,17-11-2024,336
2885,8,8,18-11-2024,336
2886,8,8,19-11-2024,362
2887,8,8,20-11-2024,330
2888,8,8,21-11-2024,347
2889,8,8,22-11-2024,346
2890,8,8,23-11-2024,345
2891,8,8,24-11-2024,329
2892,8,8,25-11-2024,326
2893,8,8,26-11-2024,313
2894,8,8,27-11-2024,327
2895,8,8,28-11-2024,333
2896,8,8,29-11-2024,332
2897,8,8,30-11-2024,350
2898,8,8,01-12-2024,349
2899,8,8,02-12-2024,346
2900,8,8,03-12-2024,343
2901,8,8,04-12-2024,330
2902,8,8,05-12-2024,315
2903,8,8,06-12-2024,317
2904,8,8,07-12-2024,313
2905,8,8,08-12-2024,307
2906,8,8,09-12-2024,169
2907,8,8,10-12-2024,300
2908,8,8,11-12-2024,317
2909,8,8,12-12-2024,321
2910,8,8,13-12-2024,323
2911,8,8,14-12-2024,307
2912,8,8,15-12-2024,323
2913,8,8,16-12-2024,332
2914,8,8,17-12-2024,329
2915,8,8,18-12-2024,325
2916,8,8,19-12-2024,337
2917,8,8,20-12-2024,346
2918,8,8,21-12-2024,344
2919,8,8,22-12-2024,319
2920,8,8,23-12-2024,323
2921,8,8,24-12-2024,341
2922,8,8,25-12-2024,365
2923,8,8,26-12-2024,358
2924,8,8,27-12-2024,328
2925,8,8,28-12-2024,142
2926,8,8,29-12-2024,322
2927,8,8,30-12-2024,242
2928,8,8,31-12-2024,377
2929,9,9,01-01-2024,343
2930,9,9,02-01-2024,338
2931,9,9,03-01-2024,341
2932,9,9,04-01-2024,338
2933,9,9,05-01-2024,326
2934,9,9,06-01-2024,361
2935,9,9,07-01-2024,342
2936,9,9,08-01-2024,346
2937,9,9,09-01-2024,345
2938,9,9,10-01-2024,327
2939,9,9,11-01-2024,351
2940,9,9,12-01-2024,361
2941,9,9,13-01-2024,328
2942,9,9,14-01-2024,336
2943,9,9,15-01-2024,328
2944,9,9,16-01-2024,326
2945,9,9,17-01-2024,338
2946,9,9,18-01-2024,336
2947,9,9,19-01-2024,327
2948,9,9,20-01-2024,339
2949,9,9,21-01-2024,338
2950,9,9,22-01-2024,330
2951,9,9,23-01-2024,318
2952,9,9,24-01-2024,326
2953,9,9,25-01-2024,331
2954,9,9,26-01-2024,330
2955,9,9,27-01-2024,329
2956,9,9,28-01-2024,309
2957,9,9,29-01-2024,330
2958,9,9,30-01-2024,340
2959,9,9,31-01-2024,326
2960,9,9,01-02-2024,344
2961,9,9,02-02-2024,326
2962,9,9,03-02-2024,332
2963,9,9,04-02-2024,313
2964,9,9,05-02-2024,211
2965,9,9,06-02-2024,249
2966,9,9,07-02-2024,252
2967,9,9,08-02-2024,307
2968,9,9,09-02-2024,309
2969,9,9,10-02-2024,293
2970,9,9,11-02-2024,322
2971,9,9,12-02-2024,339
2972,9,9,13-02-2024,337
2973,9,9,14-02-2024,326
2974,9,9,15-02-2024,319
2975,9,9,16-02-2024,345
2976,9,9,17-02-2024,330
2977,9,9,18-02-2024,297
2978,9,9,19-02-2024,259
2979,9,9,20-02-2024,293
2980,9,9,21-02-2024,321
2981,9,9,22-02-2024,314
2982,9,9,23-02-2024,193
2983,9,9,24-02-2024,252
2984,9,9,25-02-2024,225
2985,9,9,26-02-2024,242
2986,9,9,27-02-2024,318
2987,9,9,28-02-2024,150
2988,9,9,29-02-2024,262
2989,9,9,01-03-2024,215
2990,9,9,02-03-2024,145
2991,9,9,03-03-2024,197
2992,9,9,04-03-2024,162
2993,9,9,05-03-2024,228
2994,9,9,06-03-2024,225
2995,9,9,07-03-2024,283
2996,9,9,08-03-2024,232
2997,9,9,09-03-2024,249
2998,9,9,10-03-2024,249
2999,9,9,11-03-2024,249
3000,9,9,12-03-2024,312
3001,9,9,13-03-2024,252
3002,9,9,14-03-2024,297
3003,9,9,15-03-2024,239
3004,9,9,16-03-2024,204
3005,9,9,17-03-2024,204
3006,9,9,18-03-2024,218
3007,9,9,19-03-2024,252
3008,9,9,20-03-2024,197
3009,9,9,21-03-2024,315
3010,9,9,22-03-2024,303
3011,9,9,23-03-2024,315
3012,9,9,24-03-2024,286
3013,9,9,25-03-2024,232
3014,9,9,26-03-2024,307
3015,9,9,27-03-2024,300
3016,9,9,28-03-2024,249
3017,9,9,29-03-2024,252
3018,9,9,30-03-2024,162
3019,9,9,31-03-2024,166
3020,9,9,01-04-2024,200
3021,9,9,02-04-2024,211
3022,9,9,03-04-2024,228
3023,9,9,04-04-2024,302
3024,9,9,05-04-2024,208
3025,9,9,06-04-2024,176
3026,9,9,07-04-2024,150
3027,9,9,08-04-2024,225
3028,9,9,09-04-2024,200
3029,9,9,10-04-2024,259
3030,9,9,11-04-2024,180
3031,9,9,12-04-2024,215
3032,9,9,13-04-2024,252
3033,9,9,14-04-2024,262
3034,9,9,15-04-2024,262
3035,9,9,16-04-2024,156
3036,9,9,17-04-2024,242
3037,9,9,18-04-2024,225
3038,9,9,19-04-2024,262
3039,9,9,20-04-2024,308
3040,9,9,21-04-2024,243
3041,9,9,22-04-2024,197
3042,9,9,23-04-2024,200
3043,9,9,24-04-2024,280
3044,9,9,25-04-2024,290
3045,9,9,26-04-2024,308
3046,9,9,27-04-2024,317
3047,9,9,28-04-2024,321
3048,9,9,29-04-2024,307
3049,9,9,30-04-2024,314
3050,9,9,01-05-2024,310
3051,9,9,02-05-2024,309
3052,9,9,03-05-2024,308
3053,9,9,04-05-2024,322
3054,9,9,05-05-2024,303
3055,9,9,06-05-2024,317
3056,9,9,07-05-2024,305
3057,9,9,08-05-2024,323
3058,9,9,09-05-2024,325
3059,9,9,10-05-2024,319
3060,9,9,11-05-2024,308
3061,9,9,12-05-2024,309
3062,9,9,13-05-2024,312
3063,9,9,14-05-2024,314
3064,9,9,15-05-2024,327
3065,9,9,16-05-2024,187
3066,9,9,17-05-2024,280
3067,9,9,18-05-2024,228
3068,9,9,19-05-2024,245
3069,9,9,20-05-2024,228
3070,9,9,21-05-2024,211
3071,9,9,22-05-2024,322
3072,9,9,23-05-2024,323
3073,9,9,24-05-2024,330
3074,9,9,25-05-2024,318
3075,9,9,26-05-2024,338
3076,9,9,27-05-2024,338
3077,9,9,28-05-2024,322
3078,9,9,29-05-2024,314
3079,9,9,30-05-2024,318
3080,9,9,31-05-2024,317
3081,9,9,01-06-2024,307
3082,9,9,02-06-2024,302
3083,9,9,03-06-2024,322
3084,9,9,04-06-2024,317
3085,9,9,05-06-2024,311
3086,9,9,06-06-2024,454
3087,9,9,07-06-2024,407
3088,9,9,08-06-2024,331
3089,9,9,09-06-2024,322
3090,9,9,10-06-2024,313
3091,9,9,11-06-2024,266
3092,9,9,12-06-2024,309
3093,9,9,13-06-2024,307
3094,9,9,14-06-2024,307
3095,9,9,15-06-2024,290
3096,9,9,16-06-2024,307
3097,9,9,17-06-2024,297
3098,9,9,18-06-2024,262
3099,9,9,19-06-2024,249
3100,9,9,20-06-2024,283
3101,9,9,21-06-2024,266
3102,9,9,22-06-2024,273
3103,9,9,23-06-2024,311
3104,9,9,24-06-2024,302
3105,9,9,25-06-2024,218
3106,9,9,26-06-2024,186
3107,9,9,27-06-2024,150
3108,9,9,28-06-2024,150
3109,9,9,29-06-2024,137
3110,9,9,30-06-2024,137
3111,9,9,01-07-2024,118
3112,9,9,02-07-2024,280
3113,9,9,03-07-2024,441
3114,9,9,04-07-2024,500
3115,9,9,05-07-2024,112
3116,9,9,06-07-2024,145
3117,9,9,07-07-2024,139
3118,9,9,08-07-2024,150
3119,9,9,09-07-2024,137
3120,9,9,10-07-2024,166
3121,9,9,11-07-2024,276
3122,9,9,12-07-2024,215
3123,9,9,13-07-2024,303
3124,9,9,14-07-2024,249
3125,9,9,15-07-2024,283
3126,9,9,16-07-2024,197
3127,9,9,17-07-2024,200
3128,9,9,18-07-2024,186
3129,9,9,19-07-2024,162
3130,9,9,20-07-2024,132
3131,9,9,21-07-2024,306
3132,9,9,22-07-2024,112
3133,9,9,23-07-2024,132
3134,9,9,24-07-2024,159
3135,9,9,25-07-2024,166
3136,9,9,26-07-2024,259
3137,9,9,27-07-2024,249
3138,9,9,28-07-2024,108
3139,9,9,29-07-2024,197
3140,9,9,30-07-2024,215
3141,9,9,31-07-2024,186
3142,9,9,01-08-2024,112
3143,9,9,02-08-2024,112
3144,9,9,03-08-2024,100
3145,9,9,04-08-2024,112
3146,9,9,05-08-2024,125
3147,9,9,06-08-2024,152
3148,9,9,07-08-2024,149
3149,9,9,08-08-2024,173
3150,9,9,09-08-2024,150
3151,9,9,10-08-2024,183
3152,9,9,11-08-2024,187
3153,9,9,12-08-2024,162
3154,9,9,13-08-2024,166
3155,9,9,14-08-2024,150
3156,9,9,15-08-2024,137
3157,9,9,16-08-2024,162
3158,9,9,17-08-2024,173
3159,9,9,18-08-2024,228
3160,9,9,19-08-2024,149
3161,9,9,20-08-2024,176
3162,9,9,21-08-2024,200
3163,9,9,22-08-2024,166
3164,9,9,23-08-2024,221
3165,9,9,24-08-2024,204
3166,9,9,25-08-2024,211
3167,9,9,26-08-2024,137
3168,9,9,27-08-2024,150
3169,9,9,28-08-2024,125
3170,9,9,29-08-2024,125
3171,9,9,30-08-2024,150
3172,9,9,31-08-2024,162
3173,9,9,01-09-2024,173
3174,9,9,02-09-2024,166
3175,9,9,03-09-2024,218
3176,9,9,04-09-2024,162
3177,9,9,05-09-2024,150
3178,9,9,06-09-2024,150
3179,9,9,07-09-2024,162
3180,9,9,08-09-2024,162
3181,9,9,09-09-2024,162
3182,9,9,10-09-2024,262
3183,9,9,11-09-2024,162
3184,9,9,12-09-2024,228
3185,9,9,13-09-2024,208
3186,9,9,14-09-2024,197
3187,9,9,15-09-2024,180
3188,9,9,16-09-2024,197
3189,9,9,17-09-2024,221
3190,9,9,18-09-2024,256
3191,9,9,19-09-2024,137
3192,9,9,20-09-2024,193
3193,9,9,21-09-2024,221
3194,9,9,22-09-2024,305
3195,9,9,23-09-2024,283
3196,9,9,24-09-2024,312
3197,9,9,25-09-2024,322
3198,9,9,26-09-2024,190
3199,9,9,27-09-2024,150
3200,9,9,28-09-2024,150
3201,9,9,29-09-2024,175
3202,9,9,30-09-2024,200
3203,9,9,01-10-2024,304
3204,9,9,02-10-2024,228
3205,9,9,03-10-2024,180
3206,9,9,04-10-2024,218
3207,9,9,05-10-2024,215
3208,9,9,06-10-2024,225
3209,9,9,07-10-2024,259
3210,9,9,08-10-2024,305
3211,9,9,09-10-2024,293
3212,9,9,10-10-2024,306
3213,9,9,11-10-2024,283
3214,9,9,12-10-2024,307
3215,9,9,13-10-2024,314
3216,9,9,14-10-2024,311
3217,9,9,15-10-2024,259
3218,9,9,16-10-2024,280
3219,9,9,17-10-2024,306
3220,9,9,18-10-2024,302
3221,9,9,19-10-2024,307
3222,9,9,20-10-2024,310
3223,9,9,21-10-2024,304
3224,9,9,22-10-2024,276
3225,9,9,23-10-2024,323
3226,9,9,24-10-2024,329
3227,9,9,25-10-2024,321
3228,9,9,26-10-2024,319
3229,9,9,27-10-2024,359
3230,9,9,28-10-2024,327
3231,9,9,29-10-2024,308
3232,9,9,30-10-2024,310
3233,9,9,31-10-2024,372
3234,9,9,01-11-2024,342
3235,9,9,02-11-2024,334
3236,9,9,03-11-2024,330
3237,9,9,04-11-2024,333
3238,9,9,05-11-2024,344
3239,9,9,06-11-2024,339
3240,9,9,07-11-2024,332
3241,9,9,08-11-2024,325
3242,9,9,09-11-2024,326
3243,9,9,10-11-2024,329
3244,9,9,11-11-2024,336
3245,9,9,12-11-2024,313
3246,9,9,13-11-2024,309
3247,9,9,14-11-2024,319
3248,9,9,15-11-2024,309
3249,9,9,16-11-2024,314
3250,9,9,17-11-2024,319
3251,9,9,18-11-2024,327
3252,9,9,19-11-2024,321
3253,9,9,20-11-2024,342
3254,9,9,21-11-2024,332
3255,9,9,22-11-2024,330
3256,9,9,23-11-2024,326
3257,9,9,24-11-2024,326
3258,9,9,25-11-2024,322
3259,9,9,26-11-2024,320
3260,9,9,27-11-2024,315
3261,9,9,28-11-2024,313
3262,9,9,29-11-2024,322
3263,9,9,30-11-2024,326
3264,9,9,01-12-2024,318
3265,9,9,02-12-2024,314
3266,9,9,03-12-2024,293
3267,9,9,04-12-2024,315
3268,9,9,05-12-2024,286
3269,9,9,06-12-2024,300
3270,9,9,07-12-2024,300
3271,9,9,08-12-2024,273
3272,9,9,09-12-2024,319
3273,9,9,10-12-2024,336
3274,9,9,11-12-2024,307
3275,9,9,12-12-2024,319
3276,9,9,13-12-2024,311
3277,9,9,14-12-2024,319
3278,9,9,15-12-2024,319
3279,9,9,16-12-2024,322
3280,9,9,17-12-2024,332
3281,9,9,18-12-2024,351
3282,9,9,19-12-2024,356
3283,9,9,20-12-2024,340
3284,9,9,21-12-2024,346
3285,9,9,22-12-2024,330
3286,9,9,23-12-2024,333
3287,9,9,24-12-2024,346
3288,9,9,25-12-2024,343
3289,9,9,26-12-2024,337
3290,9,9,27-12-2024,344
3291,9,9,28-12-2024,335
3292,9,9,29-12-2024,327
3293,9,9,30-12-2024,329
3294,9,9,31-12-2024,365
3295,10,10,01-01-2024,319
3296,10,10,02-01-2024,346
3297,10,10,03-01-2024,333
3298,10,10,04-01-2024,301
3299,10,10,05-01-2024,306
3300,10,10,06-01-2024,256
3301,10,10,07-01-2024,319
3302,10,10,08-01-2024,333
3303,10,10,09-01-2024,321
3304,10,10,10-01-2024,449
3305,10,10,11-01-2024,150
3306,10,10,12-01-2024,142
3307,10,10,13-01-2024,375
3308,10,10,14-01-2024,150
3309,10,10,15-01-2024,308
3310,10,10,16-01-2024,303
3311,10,10,17-01-2024,318
3312,10,10,18-01-2024,327
3313,10,10,19-01-2024,306
3314,10,10,20-01-2024,290
3315,10,10,21-01-2024,125
3316,10,10,22-01-2024,112
3317,10,10,23-01-2024,230
3318,10,10,24-01-2024,311
3319,10,10,25-01-2024,326
3320,10,10,26-01-2024,316
3321,10,10,27-01-2024,314
3322,10,10,28-01-2024,286
3323,10,10,29-01-2024,266
3324,10,10,30-01-2024,341
3325,10,10,31-01-2024,404
3326,10,10,01-02-2024,329
3327,10,10,02-02-2024,350
3328,10,10,03-02-2024,320
3329,10,10,04-02-2024,304
3330,10,10,05-02-2024,305
3331,10,10,06-02-2024,450
3332,10,10,07-02-2024,303
3333,10,10,08-02-2024,488
3334,10,10,09-02-2024,152
3335,10,10,10-02-2024,249
3336,10,10,11-02-2024,316
3337,10,10,12-02-2024,125
3338,10,10,13-02-2024,304
3339,10,10,14-02-2024,266
3340,10,10,15-02-2024,334
3341,10,10,16-02-2024,331
3342,10,10,17-02-2024,328
3343,10,10,18-02-2024,356
3344,10,10,19-02-2024,324
3345,10,10,20-02-2024,326
3346,10,10,21-02-2024,304
3347,10,10,22-02-2024,137
3348,10,10,23-02-2024,137
3349,10,10,24-02-2024,314
3350,10,10,25-02-2024,327
3351,10,10,26-02-2024,335
3352,10,10,27-02-2024,319
3353,10,10,28-02-2024,320
3354,10,10,29-02-2024,326
3355,10,10,01-03-2024,339
3356,10,10,02-03-2024,125
3357,10,10,03-03-2024,342
3358,10,10,04-03-2024,306
3359,10,10,05-03-2024,162
3360,10,10,06-03-2024,488
3361,10,10,07-03-2024,475
3362,10,10,08-03-2024,259
3363,10,10,09-03-2024,232
3364,10,10,10-03-2024,280
3365,10,10,11-03-2024,286
3366,10,10,12-03-2024,325
3367,10,10,13-03-2024,341
3368,10,10,14-03-2024,385
3369,10,10,15-03-2024,355
3370,10,10,16-03-2024,339
3371,10,10,17-03-2024,352
3372,10,10,18-03-2024,354
3373,10,10,19-03-2024,362
3374,10,10,20-03-2024,175
3375,10,10,21-03-2024,391
3376,10,10,22-03-2024,397
3377,10,10,23-03-2024,371
3378,10,10,24-03-2024,318
3379,10,10,25-03-2024,327
3380,10,10,26-03-2024,332
3381,10,10,27-03-2024,342
3382,10,10,28-03-2024,341
3383,10,10,29-03-2024,335
3384,10,10,30-03-2024,404
3385,10,10,31-03-2024,363
3386,10,10,01-04-2024,355
3387,10,10,02-04-2024,344
3388,10,10,03-04-2024,349
3389,10,10,04-04-2024,349
3390,10,10,05-04-2024,360
3391,10,10,06-04-2024,349
3392,10,10,07-04-2024,379
3393,10,10,08-04-2024,347
3394,10,10,09-04-2024,385
3395,10,10,10-04-2024,450
3396,10,10,11-04-2024,137
3397,10,10,12-04-2024,173
3398,10,10,13-04-2024,306
3399,10,10,14-04-2024,301
3400,10,10,15-04-2024,328
3401,10,10,16-04-2024,323
3402,10,10,17-04-2024,326
3403,10,10,18-04-2024,313
3404,10,10,19-04-2024,327
3405,10,10,20-04-2024,320
3406,10,10,21-04-2024,319
3407,10,10,22-04-2024,319
3408,10,10,23-04-2024,293
3409,10,10,24-04-2024,334
3410,10,10,25-04-2024,335
3411,10,10,26-04-2024,339
3412,10,10,27-04-2024,332
3413,10,10,28-04-2024,341
3414,10,10,29-04-2024,342
3415,10,10,30-04-2024,375
3416,10,10,01-05-2024,329
3417,10,10,02-05-2024,334
3418,10,10,03-05-2024,337
3419,10,10,04-05-2024,331
3420,10,10,05-05-2024,327
3421,10,10,06-05-2024,336
3422,10,10,07-05-2024,349
3423,10,10,08-05-2024,137
3424,10,10,09-05-2024,344
3425,10,10,10-05-2024,331
3426,10,10,11-05-2024,343
3427,10,10,12-05-2024,354
3428,10,10,13-05-2024,355
3429,10,10,14-05-2024,370
3430,10,10,15-05-2024,369
3431,10,10,16-05-2024,344
3432,10,10,17-05-2024,114
3433,10,10,18-05-2024,332
3434,10,10,19-05-2024,125
3435,10,10,20-05-2024,337
3436,10,10,21-05-2024,484
3437,10,10,22-05-2024,408
3438,10,10,23-05-2024,366
3439,10,10,24-05-2024,359
3440,10,10,25-05-2024,137
3441,10,10,26-05-2024,336
3442,10,10,27-05-2024,401
3443,10,10,28-05-2024,366
3444,10,10,29-05-2024,336
3445,10,10,30-05-2024,347
3446,10,10,31-05-2024,349
3447,10,10,01-06-2024,340
3448,10,10,02-06-2024,125
3449,10,10,03-06-2024,370
3450,10,10,04-06-2024,372
3451,10,10,05-06-2024,360
3452,10,10,06-06-2024,357
3453,10,10,07-06-2024,349
3454,10,10,08-06-2024,343
3455,10,10,09-06-2024,365
3456,10,10,10-06-2024,354
3457,10,10,11-06-2024,347
3458,10,10,12-06-2024,346
3459,10,10,13-06-2024,484
3460,10,10,14-06-2024,336
3461,10,10,15-06-2024,340
3462,10,10,16-06-2024,336
3463,10,10,17-06-2024,125
3464,10,10,18-06-2024,114
3465,10,10,19-06-2024,349
3466,10,10,20-06-2024,115
3467,10,10,21-06-2024,321
3468,10,10,22-06-2024,290
3469,10,10,23-06-2024,293
3470,10,10,24-06-2024,484
3471,10,10,25-06-2024,242
3472,10,10,26-06-2024,232
3473,10,10,27-06-2024,269
3474,10,10,28-06-2024,256
3475,10,10,29-06-2024,309
3476,10,10,30-06-2024,266
3477,10,10,01-07-2024,266
3478,10,10,02-07-2024,319
3479,10,10,03-07-2024,239
3480,10,10,04-07-2024,239
3481,10,10,05-07-2024,306
3482,10,10,06-07-2024,449
3483,10,10,07-07-2024,137
3484,10,10,08-07-2024,125
3485,10,10,09-07-2024,135
3486,10,10,10-07-2024,183
3487,10,10,11-07-2024,415
3488,10,10,12-07-2024,293
3489,10,10,13-07-2024,190
3490,10,10,14-07-2024,356
3491,10,10,15-07-2024,125
3492,10,10,16-07-2024,118
3493,10,10,17-07-2024,375
3494,10,10,18-07-2024,311
3495,10,10,19-07-2024,193
3496,10,10,20-07-2024,269
3497,10,10,21-07-2024,432
3498,10,10,22-07-2024,475
3499,10,10,23-07-2024,462
3500,10,10,24-07-2024,204
3501,10,10,25-07-2024,488
3502,10,10,26-07-2024,211
3503,10,10,27-07-2024,200
3504,10,10,28-07-2024,218
3505,10,10,29-07-2024,245
3506,10,10,30-07-2024,269
3507,10,10,31-07-2024,180
3508,10,10,01-08-2024,239
3509,10,10,02-08-2024,280
3510,10,10,03-08-2024,208
3511,10,10,04-08-2024,488
3512,10,10,05-08-2024,232
3513,10,10,06-08-2024,415
3514,10,10,07-08-2024,112
3515,10,10,08-08-2024,290
3516,10,10,09-08-2024,259
3517,10,10,10-08-2024,245
3518,10,10,11-08-2024,242
3519,10,10,12-08-2024,300
3520,10,10,13-08-2024,221
3521,10,10,14-08-2024,375
3522,10,10,15-08-2024,176
3523,10,10,16-08-2024,125
3524,10,10,17-08-2024,180
3525,10,10,18-08-2024,235
3526,10,10,19-08-2024,215
3527,10,10,20-08-2024,432
3528,10,10,21-08-2024,211
3529,10,10,22-08-2024,204
3530,10,10,23-08-2024,204
3531,10,10,24-08-2024,125
3532,10,10,25-08-2024,145
3533,10,10,26-08-2024,221
3534,10,10,27-08-2024,221
3535,10,10,28-08-2024,112
3536,10,10,29-08-2024,193
3537,10,10,30-08-2024,180
3538,10,10,31-08-2024,200
3539,10,10,01-09-2024,348
3540,10,10,02-09-2024,215
3541,10,10,03-09-2024,260
3542,10,10,04-09-2024,166
3543,10,10,05-09-2024,150
3544,10,10,06-09-2024,269
3545,10,10,07-09-2024,156
3546,10,10,08-09-2024,176
3547,10,10,09-09-2024,211
3548,10,10,10-09-2024,152
3549,10,10,11-09-2024,313
3550,10,10,12-09-2024,301
3551,10,10,13-09-2024,211
3552,10,10,14-09-2024,432
3553,10,10,15-09-2024,211
3554,10,10,16-09-2024,306
3555,10,10,17-09-2024,235
3556,10,10,18-09-2024,235
3557,10,10,19-09-2024,309
3558,10,10,20-09-2024,235
3559,10,10,21-09-2024,156
3560,10,10,22-09-2024,190
3561,10,10,23-09-2024,215
3562,10,10,24-09-2024,201
3563,10,10,25-09-2024,125
3564,10,10,26-09-2024,266
3565,10,10,27-09-2024,125
3566,10,10,28-09-2024,173
3567,10,10,29-09-2024,112
3568,10,10,30-09-2024,266
3569,10,10,01-10-2024,211
3570,10,10,02-10-2024,166
3571,10,10,03-10-2024,142
3572,10,10,04-10-2024,335
3573,10,10,05-10-2024,327
3574,10,10,06-10-2024,339
3575,10,10,07-10-2024,352
3576,10,10,08-10-2024,339
3577,10,10,09-10-2024,333
3578,10,10,10-10-2024,341
3579,10,10,11-10-2024,336
3580,10,10,12-10-2024,484
3581,10,10,13-10-2024,328
3582,10,10,14-10-2024,343
3583,10,10,15-10-2024,342
3584,10,10,16-10-2024,137
3585,10,10,17-10-2024,218
3586,10,10,18-10-2024,186
3587,10,10,19-10-2024,137
3588,10,10,20-10-2024,125
3589,10,10,21-10-2024,484
3590,10,10,22-10-2024,290
3591,10,10,23-10-2024,273
3592,10,10,24-10-2024,333
3593,10,10,25-10-2024,329
3594,10,10,26-10-2024,137
3595,10,10,27-10-2024,150
3596,10,10,28-10-2024,304
3597,10,10,29-10-2024,320
3598,10,10,30-10-2024,112
3599,10,10,31-10-2024,308
3600,10,10,01-11-2024,390
3601,10,10,02-11-2024,358
3602,10,10,03-11-2024,359
3603,10,10,04-11-2024,356
3604,10,10,05-11-2024,125
3605,10,10,06-11-2024,352
3606,10,10,07-11-2024,364
3607,10,10,08-11-2024,336
3608,10,10,09-11-2024,381
3609,10,10,10-11-2024,375
3610,10,10,11-11-2024,363
3611,10,10,12-11-2024,345
3612,10,10,13-11-2024,122
3613,10,10,14-11-2024,359
3614,10,10,15-11-2024,366
3615,10,10,16-11-2024,365
3616,10,10,17-11-2024,341
3617,10,10,18-11-2024,352
3618,10,10,19-11-2024,358
3619,10,10,20-11-2024,369
3620,10,10,21-11-2024,348
3621,10,10,22-11-2024,352
3622,10,10,23-11-2024,343
3623,10,10,24-11-2024,332
3624,10,10,25-11-2024,336
3625,10,10,26-11-2024,131
3626,10,10,27-11-2024,405
3627,10,10,28-11-2024,412
3628,10,10,29-11-2024,390
3629,10,10,30-11-2024,407
3630,10,10,01-12-2024,351
3631,10,10,02-12-2024,343
3632,10,10,03-12-2024,277
3633,10,10,04-12-2024,332
3634,10,10,05-12-2024,322
3635,10,10,06-12-2024,306
3636,10,10,07-12-2024,467
3637,10,10,08-12-2024,334
3638,10,10,09-12-2024,344
3639,10,10,10-12-2024,337
3640,10,10,11-12-2024,344
3641,10,10,12-12-2024,340
3642,10,10,13-12-2024,352
3643,10,10,14-12-2024,332
3644,10,10,15-12-2024,323
3645,10,10,16-12-2024,310
3646,10,10,17-12-2024,306
3647,10,10,18-12-2024,310
3648,10,10,19-12-2024,112
3649,10,10,20-12-2024,316
3650,10,10,21-12-2024,320
3651,10,10,22-12-2024,221
3652,10,10,23-12-2024,112
3653,10,10,24-12-2024,112
3654,10,10,25-12-2024,112
3655,10,10,26-12-2024,112
3656,10,10,27-12-2024,169
3657,10,10,28-12-2024,208
3658,10,10,29-12-2024,221
3659,10,10,30-12-2024,245
3660,10,10,31-12-2024,273
